-- phpMyAdmin SQL Dump
-- version 5.1.1
-- https://www.phpmyadmin.net/
--
-- Host: 127.0.0.1
-- Generation Time: Mar 12, 2022 at 09:48 PM
-- Server version: 10.4.22-MariaDB
-- PHP Version: 8.1.2

SET SQL_MODE = "NO_AUTO_VALUE_ON_ZERO";
START TRANSACTION;
SET time_zone = "+00:00";


/*!40101 SET @OLD_CHARACTER_SET_CLIENT=@@CHARACTER_SET_CLIENT */;
/*!40101 SET @OLD_CHARACTER_SET_RESULTS=@@CHARACTER_SET_RESULTS */;
/*!40101 SET @OLD_COLLATION_CONNECTION=@@COLLATION_CONNECTION */;
/*!40101 SET NAMES utf8mb4 */;

--
-- Database: `myblogs`
--

-- --------------------------------------------------------

--
-- Table structure for table `auth_group`
--

CREATE TABLE `auth_group` (
  `id` int(11) NOT NULL,
  `name` varchar(150) NOT NULL
) ENGINE=InnoDB DEFAULT CHARSET=utf8;

-- --------------------------------------------------------

--
-- Table structure for table `auth_group_permissions`
--

CREATE TABLE `auth_group_permissions` (
  `id` bigint(20) NOT NULL,
  `group_id` int(11) NOT NULL,
  `permission_id` int(11) NOT NULL
) ENGINE=InnoDB DEFAULT CHARSET=utf8;

-- --------------------------------------------------------

--
-- Table structure for table `auth_permission`
--

CREATE TABLE `auth_permission` (
  `id` int(11) NOT NULL,
  `name` varchar(255) NOT NULL,
  `content_type_id` int(11) NOT NULL,
  `codename` varchar(100) NOT NULL
) ENGINE=InnoDB DEFAULT CHARSET=utf8;

--
-- Dumping data for table `auth_permission`
--

INSERT INTO `auth_permission` (`id`, `name`, `content_type_id`, `codename`) VALUES
(1, 'Can add log entry', 1, 'add_logentry'),
(2, 'Can change log entry', 1, 'change_logentry'),
(3, 'Can delete log entry', 1, 'delete_logentry'),
(4, 'Can view log entry', 1, 'view_logentry'),
(5, 'Can add permission', 2, 'add_permission'),
(6, 'Can change permission', 2, 'change_permission'),
(7, 'Can delete permission', 2, 'delete_permission'),
(8, 'Can view permission', 2, 'view_permission'),
(9, 'Can add group', 3, 'add_group'),
(10, 'Can change group', 3, 'change_group'),
(11, 'Can delete group', 3, 'delete_group'),
(12, 'Can view group', 3, 'view_group'),
(13, 'Can add user', 4, 'add_user'),
(14, 'Can change user', 4, 'change_user'),
(15, 'Can delete user', 4, 'delete_user'),
(16, 'Can view user', 4, 'view_user'),
(17, 'Can add content type', 5, 'add_contenttype'),
(18, 'Can change content type', 5, 'change_contenttype'),
(19, 'Can delete content type', 5, 'delete_contenttype'),
(20, 'Can view content type', 5, 'view_contenttype'),
(21, 'Can add session', 6, 'add_session'),
(22, 'Can change session', 6, 'change_session'),
(23, 'Can delete session', 6, 'delete_session'),
(24, 'Can view session', 6, 'view_session'),
(25, 'Can add blogs', 7, 'add_blogs'),
(26, 'Can change blogs', 7, 'change_blogs'),
(27, 'Can delete blogs', 7, 'delete_blogs'),
(28, 'Can view blogs', 7, 'view_blogs'),
(29, 'Can add category', 8, 'add_category'),
(30, 'Can change category', 8, 'change_category'),
(31, 'Can delete category', 8, 'delete_category'),
(32, 'Can view category', 8, 'view_category');

-- --------------------------------------------------------

--
-- Table structure for table `auth_user`
--

CREATE TABLE `auth_user` (
  `id` int(11) NOT NULL,
  `password` varchar(128) NOT NULL,
  `last_login` datetime(6) DEFAULT NULL,
  `is_superuser` tinyint(1) NOT NULL,
  `username` varchar(150) NOT NULL,
  `first_name` varchar(150) NOT NULL,
  `last_name` varchar(150) NOT NULL,
  `email` varchar(254) NOT NULL,
  `is_staff` tinyint(1) NOT NULL,
  `is_active` tinyint(1) NOT NULL,
  `date_joined` datetime(6) NOT NULL
) ENGINE=InnoDB DEFAULT CHARSET=utf8;

--
-- Dumping data for table `auth_user`
--

INSERT INTO `auth_user` (`id`, `password`, `last_login`, `is_superuser`, `username`, `first_name`, `last_name`, `email`, `is_staff`, `is_active`, `date_joined`) VALUES
(1, 'pbkdf2_sha256$320000$MyjyRccj58C6CdAfwPzpae$ykNKwXAsXN3/67lzIdS9NfknQt5wvv4RVwwkyp//qnw=', '2022-03-12 20:38:59.693518', 1, 'admin', '', '', '', 1, 1, '2022-03-12 05:35:34.099527'),
(2, 'pbkdf2_sha256$320000$OZBuYnB836wHdqov8ARa6f$+bMJ1K99tpERlDdVOueu5yE1j+Nsu1jd9/pK3Nz1VvY=', '2022-03-12 20:10:30.414670', 0, 'tanakorn', '', '', 'tanakorn.pri@hotmail.com', 0, 1, '2022-03-12 12:34:12.783760'),
(3, 'pbkdf2_sha256$320000$C7Gg9E5h8Tbz2S3i8XyXLu$YFvslQcRyfpouUfC+PVvDrRojvXWtWofRqs2cPUAaKA=', '2022-03-12 20:40:02.708042', 0, 'warit', '', '', 'warit@gmail.com', 0, 1, '2022-03-12 20:34:09.663570');

-- --------------------------------------------------------

--
-- Table structure for table `auth_user_groups`
--

CREATE TABLE `auth_user_groups` (
  `id` bigint(20) NOT NULL,
  `user_id` int(11) NOT NULL,
  `group_id` int(11) NOT NULL
) ENGINE=InnoDB DEFAULT CHARSET=utf8;

-- --------------------------------------------------------

--
-- Table structure for table `auth_user_user_permissions`
--

CREATE TABLE `auth_user_user_permissions` (
  `id` bigint(20) NOT NULL,
  `user_id` int(11) NOT NULL,
  `permission_id` int(11) NOT NULL
) ENGINE=InnoDB DEFAULT CHARSET=utf8;

-- --------------------------------------------------------

--
-- Table structure for table `blogs_blogs`
--

CREATE TABLE `blogs_blogs` (
  `id` bigint(20) NOT NULL,
  `name` varchar(255) NOT NULL,
  `description` longtext NOT NULL,
  `content` longtext NOT NULL,
  `writer` varchar(255) NOT NULL,
  `views` int(11) NOT NULL,
  `image` varchar(100) NOT NULL,
  `created` datetime(6) NOT NULL,
  `category_id` bigint(20) NOT NULL
) ENGINE=InnoDB DEFAULT CHARSET=utf8;

--
-- Dumping data for table `blogs_blogs`
--

INSERT INTO `blogs_blogs` (`id`, `name`, `description`, `content`, `writer`, `views`, `image`, `created`, `category_id`) VALUES
(26, 'เทคโนโลยี Blockchain ', 'มีหลักฐานที่เป็นข้อเท็จจริงยืนยันมานานแล้ว ว่าเนื้อหาที่อ่านรู้เรื่องนั้นจะไปกวนสมาธิของคนอ่านให้เขวไปจากส่วนที้เป็น Layout เรานำ Lorem Ipsum มาใช้เพราะความที่มันมีการกระจายของตัวอักษรธรรมดาๆ แบบพอประมาณ ซึ่งเอามาใช้แทนการเขียนว่า ‘ตรงนี้เป็นเนื้อหา, ตรงนี้เป็นเนื้อหา\' ได้ และยังทำให้มองดูเหมือนกับภาษาอังกฤษที่อ่านได้ปกติ', '<h2>Lorem Ipsum คืออะไร?</h2>\r\n\r\n<p>Lorem Ipsum คือ เนื้อหาจำลองแบบเรียบๆ ที่ใช้กันในธุรกิจงานพิมพ์หรืองานเรียงพิมพ์ มันได้กลายมาเป็นเนื้อหาจำลองมาตรฐานของธุรกิจดังกล่าวมาตั้งแต่ศตวรรษที่ 16 เมื่อเครื่องพิมพ์โนเนมเครื่องหนึ่งนำรางตัวพิมพ์มาสลับสับตำแหน่งตัวอักษรเพื่อทำหนังสือตัวอย่าง Lorem Ipsum อยู่ยงคงกระพันมาไม่ใช่แค่เพียงห้าศตวรรษ แต่อยู่มาจนถึงยุคที่พลิกโฉมเข้าสู่งานเรียงพิมพ์ด้วยวิธีทางอิเล็กทรอนิกส์ และยังคงสภาพเดิมไว้อย่างไม่มีการเปลี่ยนแปลง มันได้รับความนิยมมากขึ้นในยุค ค.ศ. 1960 เมื่อแผ่น Letraset วางจำหน่ายโดยมีข้อความบนนั้นเป็น Lorem Ipsum และล่าสุดกว่านั้น คือเมื่อซอฟท์แวร์การทำสื่อสิ่งพิมพ์ (Desktop Publishing) อย่าง Aldus PageMaker ได้รวมเอา Lorem Ipsum เวอร์ชั่นต่างๆ เข้าไว้ในซอฟท์แวร์ด้วย</p>\r\n', 'tanakorn', 1, 'blogsImages/block-blockchain-business-chain.jpg', '2022-03-12 20:11:07.550800', 2),
(27, 'Social Media', 'มีหลักฐานที่เป็นข้อเท็จจริงยืนยันมานานแล้ว ว่าเนื้อหาที่อ่านรู้เรื่องนั้นจะไปกวนสมาธิของคนอ่านให้เขวไปจากส่วนที้เป็น Layout เรานำ Lorem Ipsum มาใช้เพราะความที่มันมีการกระจายของตัวอักษรธรรมดาๆ แบบพอประมาณ ซึ่งเอามาใช้แทนการเขียนว่า ‘ตรงนี้เป็นเนื้อหา, ตรงนี้เป็นเนื้อหา\' ได้ และยังทำให้มองดูเหมือนกับภาษาอังกฤษที่อ่านได้ปกติ', '<h2>Lorem Ipsum คืออะไร?</h2>\r\n\r\n<p>Lorem Ipsum คือ เนื้อหาจำลองแบบเรียบๆ ที่ใช้กันในธุรกิจงานพิมพ์หรืองานเรียงพิมพ์ มันได้กลายมาเป็นเนื้อหาจำลองมาตรฐานของธุรกิจดังกล่าวมาตั้งแต่ศตวรรษที่ 16 เมื่อเครื่องพิมพ์โนเนมเครื่องหนึ่งนำรางตัวพิมพ์มาสลับสับตำแหน่งตัวอักษรเพื่อทำหนังสือตัวอย่าง Lorem Ipsum อยู่ยงคงกระพันมาไม่ใช่แค่เพียงห้าศตวรรษ แต่อยู่มาจนถึงยุคที่พลิกโฉมเข้าสู่งานเรียงพิมพ์ด้วยวิธีทางอิเล็กทรอนิกส์ และยังคงสภาพเดิมไว้อย่างไม่มีการเปลี่ยนแปลง มันได้รับความนิยมมากขึ้นในยุค ค.ศ. 1960 เมื่อแผ่น Letraset วางจำหน่ายโดยมีข้อความบนนั้นเป็น Lorem Ipsum และล่าสุดกว่านั้น คือเมื่อซอฟท์แวร์การทำสื่อสิ่งพิมพ์ (Desktop Publishing) อย่าง Aldus PageMaker ได้รวมเอา Lorem Ipsum เวอร์ชั่นต่างๆ เข้าไว้ในซอฟท์แวร์ด้วย</p>\r\n', 'tanakorn', 0, 'blogsImages/social-media-1795578_1280.jpg', '2022-03-12 20:12:57.490151', 2);
INSERT INTO `blogs_blogs` (`id`, `name`, `description`, `content`, `writer`, `views`, `image`, `created`, `category_id`) VALUES
(28, 'เสือน่ารัก', 'มีหลักฐานที่เป็นข้อเท็จจริงยืนยันมานานแล้ว ว่าเนื้อหาที่อ่านรู้เรื่องนั้นจะไปกวนสมาธิของคนอ่านให้เขวไปจากส่วนที้เป็น Layout เรานำ Lorem Ipsum มาใช้เพราะความที่มันมีการกระจายของตัวอักษรธรรมดาๆ แบบพอประมาณ ซึ่งเอามาใช้แทนการเขียนว่า ‘ตรงนี้เป็นเนื้อหา, ตรงนี้เป็นเนื้อหา\' ได้ และยังทำให้มองดูเหมือนกับภาษาอังกฤษที่อ่านได้ปกติ', '<h2>Lorem Ipsum คืออะไร?</h2>\r\n\r\n<p>Lorem Ipsum คือ เนื้อหาจำลองแบบเรียบๆ ที่ใช้กันในธุรกิจงานพิมพ์หรืองานเรียงพิมพ์ มันได้กลายมาเป็นเนื้อหาจำลองมาตรฐานของธุรกิจดังกล่าวมาตั้งแต่ศตวรรษที่ 16 เมื่อเครื่องพิมพ์โนเนมเครื่องหนึ่งนำรางตัวพิมพ์มาสลับสับตำแหน่งตัวอักษรเพื่อทำหนังสือตัวอย่าง Lorem Ipsum อยู่ยงคงกระพันมาไม่ใช่แค่เพียงห้าศตวรรษ แต่อยู่มาจนถึงยุคที่พลิกโฉมเข้าสู่งานเรียงพิมพ์ด้วยวิธีทางอิเล็กทรอนิกส์ และยังคงสภาพเดิมไว้อย่างไม่มีการเปลี่ยนแปลง มันได้รับความนิยมมากขึ้นในยุค ค.ศ. 1960 เมื่อแผ่น Letraset วางจำหน่ายโดยมีข้อความบนนั้นเป็น Lorem Ipsum และล่าสุดกว่านั้น คือเมื่อซอฟท์แวร์การทำสื่อสิ่งพิมพ์ (Desktop Publishing) อย่าง Aldus PageMaker ได้รวมเอา Lorem Ipsum เวอร์ชั่นต่างๆ เข้าไว้ในซอฟท์แวร์ด้วย</p>\r\n\r\n<p><img src=\"data:image/jpeg;base64,/9j/4AAQSkZJRgABAQAAAQABAAD/2wBDAAUDBAQEAwUEBAQFBQUGBwwIBwcHBw8LCwkMEQ8SEhEPERETFhwXExQaFRERGCEYGh0dHx8fExciJCIeJBweHx7/2wBDAQUFBQcGBw4ICA4eFBEUHh4eHh4eHh4eHh4eHh4eHh4eHh4eHh4eHh4eHh4eHh4eHh4eHh4eHh4eHh4eHh4eHh7/wgARCAGpAoADASIAAhEBAxEB/8QAHAAAAgMBAQEBAAAAAAAAAAAAAwQCBQYBAAcI/8QAGQEAAwEBAQAAAAAAAAAAAAAAAAECAwQF/9oADAMBAAIQAxAAAAH5bOJ4R2q99CMRxZA0egwmUYDMEzdkLjOSPyxqsqSKvZaEW60kLiLAdKidZ/WUxFAqOxXvShxINi/DCpc7DjPc7EJGB0CQ94OxlAJejMI29Q/MmrirDl4g6Jyh6SLtbOh+vIMJ95FHiBm3KfpgYMJJgZCUT1e/WTLA+TbBIcyo852kM4vBMfvBHvvMYNMMHGa9toEZ8HDk4M8QR0dPwkvl9nWoDAKqL1tU3kykOyDFDJFZvg5M6lH17tysN0ab7SIsaPW2vKyz/px3vnCxAfSeCHiRDkZcCMudDzarUoATQo5KPQ9z3gh6Xm/el5EpxkIM4yHIpyMr+GWQSJwJvoSEpmUJmxcNFVAbAnMOzkAPT4yPi8CyXIGBZgXqPd8ZgoteR2x0lJhVb2M0605u7JlUSyGLCqMTZcrmITCDpEwPKSGrGMNCUTAFb2NdzntC4z7O2SgTc1cxa+nV1XpzqQuPavDbHu3FTnrwAtGOkFcXLn5qL65jLjKwIPfDxdB9Gx0+QJ/oP5rpOKMqSlzsCCC0BkLdRhKhdefJPc80mn5xdIcixYwIq03yEZXEfEGHJymLsGhpD6uyUHvigMsGGD90aNVTiHjZAcDcsBYiwfDSYNz3Jax+xFNhaxzgEWq9uaMg3feBm1oZIM45VaxQ76cskn6W1bz1hjsI7mU5eq5V01HtjSu1bGeyVh65F3Mh+pbYUVVe43Dp0Kx6iTWvZDU9nLoqp9TXL4X7nmusLmT7NiEt6Bh6TWCbhLVIKQSkPyJeBJptcvooPmQ1I4SEwxwFSkAwQg4oyMc5GQFlUjOzGun6ZbCACdrWo4WI7JkC4mwiwg0bg+ietqTQ55pLsNRNGneq6a08XVdWWwrGs5Thwulc84sFtucpZc/RS6nB3O0fQpJ+qclH1j5nppX1D9O6OWNv8p+g9nIz8l+lfFObo1DBY4dDjVa/2cmn+bUme0y73kmvEiZMnBkQ2NsVoUWkpaLAjyxjmFqPvdaKSJZrs/OTNYnbVtqDSxBvB7CUu2qSm0cPYpBmDDROSYzlFlBtnYelS9EPi7UJSZaVgzi3z8Lomm7nPnlXMl+ZZW6i6zqVdeKXVbCwq3Qij5Q+GFgBlQRnS4ez+vuLmmuMZltbRKTzfSU+p/MPq/TzVeK17Pf5/wAwY0mD5en6Aqhkufo+h09dm9sazvvdnJLnuIK6qzFgiKdzZ8LJofo9h1ZeQDqzazI+lykeQ4w3uR5KkmwGphH3aovh+SejaAwvg2U1SzCbG+ciyBITqjQej4NByxnFK2Vf61do8ts6zoNLUvNGXO6FjAJXKsZhdP2mcfzGKltdsEScoj9Ay+2T+ewi9omNljbXk6s+LSZq407FeTz/AEeP1avTzXF3Y4nTFP6Fht9neUUs99rj8T3mZ+gZ6fFVdljOjCXvS0h0kA46KFFPbK0dVnnS4fGGr4sWvJ2VcPkGQVJPc6gxImgUg0G0HzBW0OuiC88E/FUKjS57RKPIG6ZdRjKa66EbUvCtpqIDqNcMPtSaYRos01HMwyuvrIvNWdVb9MLpWaYK9LGXHxBgvP3mXTcHbMTdU7bVva5TR8vTXWWa+gYbprOj5epVOyDTf6LVa89f9GzFH6HnVP0P5/rgzFt8122dtfNPp3zHHSp973Xzud6DO4TFYOL1W7p8q5TbGmzqkleJ6yus2dNFc4dJ5Ing7OI0Hix2pRnJcb6lnXtMT4lhWjpnKyJUnzvW+RkIDwiUCXK0sb8Lg9s5S94JhnMFvNBQ5aZnsVdu0twA621R0lJayRlkieYq3jMG718ylGUJBSwrZ63LQ+/wf0nh66/z0ObpojhsKZJI/QOviyZ9FWdfHndpjvpYZmQXQ784+r1PLv8AA+3lJ04nBMbUrFFiVoVVxkvAXBndogp5jJECMaCeJABwXd2wZNzReTHpCqVlVS3ArM0MB67kx19jVskOUdVz3XZBNHYzr0IFoWnFi5jMoWuSHIJLWdcNSMoM7oKG9FoKdqON1oop3L0qvgNKlTZqa+usm1InUtRmXWRWV2ec5HRvKRLYxpHLb/Izinss3otcrJivo7nYZypxgu3lQ2P6e9XWsus+X/aMlNfB4/Vvn2kV5liCbEvJLRIWS0xTlDN2L3hss+cJEICYjVksa4qt/wAvJBqY6dTOyQOzry7HPc6W+rWIH8/tA7Ay3M+LWyLfEnKzoTdjT3UNypu0cYpWVzdTua+5qVdT3kLg1vR3DR61mpA4IzzcphlQcQ2Am7W+Bp5QFu18ME0wPLSnf7gb5DB7fX1fjtmc220HymTx+rRoXkbCNSBF2PP3DWd2YbOg2X1GURY/PfqOND4zK8qZaRvHJuV5CmKqDyNWcJxIZYq7JC0ZgYz7hVXX0WmzUTa7nkiLM1JDqcdoPVV0sq87gp0eoDCpukBLXGnVtEtb7qM7qoUU3FePqzjgvejzaKoEpOgue5eZCD40ReQqJ9H2G2VB3OgA1mSZ4MOUNTQmxiIPIe2EfpNLMT+g8DL4P7Xm5fzSOoc5+jCV/wBgccfNtl2o2y2lj8+1tzccC2xahuFwD8z1NEEPn/3b4TIPg5os+jHObCfbIEx24c9c5cVNtpVcEzFZ+l6EWu0i1chkWCYoeLSuwhjzkLCujU7BHrHPNC0MtbklWk0zWiLQVee1SqMVohgLz+rl4N1voeS2EXHMOdjU97CTCCIEO891Hfe8qbUsLPn6M1x5e8xe7Cl4kOCLtcQy19cd+RHm99kq53m7e3NfccvTLTZdoj6BY4R7u88Nd9KqennlYfKfpdJtRquTz01gA/8ADvuPwyGN+t00AqyyVSWbIjR65zz0tV1GyKSZFyspC5Mtfz6RJJRirBPvrn0lpyHDObO3tN3NWsPBzuqkE3TLdzUNcvRp8RsMibxXW91cTIxSuJ855Pvo8pd7DyC+gwOJb2w5ekHGrHg9CilegnQoplzqjpNtV744UmiQ7eKvYv38t6Jux5j0VnLhdMd1Qnl2DlNbovtFQ2u3H276p6Pn5rOfVMXa0JK1QKW9ovpAYr4d9x+EyS1GZckcIGzypCrua/SUbFBpshZDy0EEh7hFpYjNEKnPnRay3E5rzFKVRnjO4aH6MvidgncuFgPOlSyHqumFKamp6VAfdnWcPdmOHYtJqcvrnHbEl2E89Ki3bc5uqlLY1c0/ZZaQakdZa47Dg4Ca8u2sGfqNdRdWNdeoyqbAtUHO7niJlbKTbSrMvuQ0wu9V8w68/tth8Z3/AFcWo6ufp5861aLpmaVFaqfzx+hPksugidaE/eZ6+DlVcVuRRS5LdvTVsMNaacXdIks9PNosH6JO7S2S1zFJZjSrOksqzSY0FNnNS1aqiRVeQ01nExKQImtZnK809Loot2Njj0Zx3Tyy2zPrixnTPRuQqrGY18tGbCkcasM/e9rPHWFvndM/pytLtkfMrXX5pUiEz8a1q21Wa+YW2grlWdIyB00YDeWypCjTOYTsrkveCCFkbXBL6Bm7vt4NRz0+rmSzer40L579Nxqfyaj0ZsdKB+06pq4NU9JRpKdjFpRa/LSni1Zy0SXldk7JWmnd+sc85cjlXsuTSc5mOAqnM4ialFo9Zm9fnHqna19wZvVL9Bm+WCKV6bjmY02HVmXrXK3F0jU3DWuTVuObpyOipF9I3yZBZWk3ZTaCbP195ad7P6jp5b81Sh0Y4i8b4F/lEHqVlbWFsL5hiPudLnt8eumqDl7dF7P6Tn2nZDNlc+HXAALFcaZQBudbr/jb/Ty/Xu47Ud3A0oYBIaWzZVYMH0NWT5XUfZK3K/jZNrlGlvo+JsVrCihKlq0QcTr+ssCpV217jjCJqmc7BjPSpdblFy4u+hC/CvR1KedIVZFoSqAWqx7O63G76W2na0nL2Za8rg9XNs17EXF215u0tTY0Nja3GdluBIz7ViJOKwCVFrs/kferk3NpXD6ubb/nr7zVIp/qH5v++p2lHdqUqP5vqbTPT5BcOIcHo6eK9hz7jbCRHlWAgETEwpBXVfaFZ0c6X0XSfHbHo5NLd4nY9PIu7l9XpAFSwDyT4s9Kai0q3PtlK3XxKxLWgTrLM2FwIqgqN0tpGV4wG50TWfbx20NUqq5IqlbXOgrktTneR4vBntLm9qivS0TcV8o+qfOvptRzK7Wjx3w65/dOG95YV3n9+fTtavoytdOWgw1jU2+jqfnl7dUTWhowszVPNn1wDfYzmmes2eR1/fwfnz6ct87a+/2OE2IGy+jxwo1Vwjy9ROwBy9AwXQR1bdmuqAByuz06Cwmnnkb9GirmzxkrSq41q9V8yY6OXcAy7XRzab1UfXNqnaDFZ9+39lqrT6TLYbTazlhOmhVjLfmN823tfrli2O9hV6F3X6BL+giPR0qw5t+5Jec+7tqm3pigF9TbP5T9J+dv539P5m9JnWGotJlqPpgOS5OnF3dbLWdRjzwVavy62G6fE7PXLQ0WJ5plfLuXU0pbLuZ6++g0Vt6HnK/AvvFLtl89+3/BPJ/oClpuosAUv0FP5lZCq87urKlLc3GMfr0636TSNp2y0XMda5a3qctEoelFqTdrWxROoHSIdKvQ0kRXk6yOuVqzQv1FgoRSo46o/Nv15sv082g9jeI+j5sRdJra8Kg51/OSeuaecXauUbmO9zrqFfN7apxWy2yoKz6sjc/OdsIYT+e/TuNUFrTzw2z3osj9XwRqdXXKpRpp0aDTVN9W1xstSlqGh3lllgxX0B35dDbD6Yr81rujn36GOZFr9L82do+h2ny7aXNtBMyaWU1mOzqpIa3ooGAVgtQrW3QaW++dvp6jL1gmtarWdEZnIyTtEEE89L5+lvpp4V9mrhHQ5TTtONpdqc2q7l5q9BUEYORI1Kfimcq+Y8Cspwa4XltFpck7nqAKxHO2vcvTc+13W8DYn9U+Qb/XDeirPnc1rs+hSaTZ/RM99Mc/OMt9J+dXNUGz2KPnHvpFJSysmUESkKINdWInwZyAB1QwNV7FkOuGGQrpykIn9WW+a/QqUaHIjirC3zZmXVFyCO2CjQHOpZKqJbYSqcefzgyG7axeVZuKxCHbVZzOusE50es84UmN5PN3AR3o2gBT6MwIlchmHjRCAkDV3n5xpZKikA+tNDobEMSbmk6RVIALxB1tHkZqxTrzNctKPeo1SeXpIus99AvezmzW1z2JF9TqrWpZc/Gvq+FRlINNy6o0ph26o7YdUvf58RmFGU4LSM1BmHB2WuPk06Fsz6edLONT4kGE2/N1EU3XuuspHbFAAtqRatUtFSTSz9YJq7JmBCYmsxUiYIzSRtVaqbaXHwRIc85II4Ah0loymn7yOdtFWQWbmn5F9QOTH4RJAMPvAyFKXIh0nBJ3bNanGjB6pnTPd3/zWzFtPkN/ng+naXEKJ1tWJwak2OgvIT7K7kyok5Va6bysb+jaGFpZw9Y03GWtdAqYjLmaYYczxTIANkiYCMHVQOiWlsaYqvU21eLMcj1qY++CMhkCJocB0iB5o0q8VTborGAcfeFyXOJltKbjR2691mxbpUaNBZZFNG6+dtV01IB10eny4RSyvnJvJsatFOdbdpReckyLfnjE/B2dWY02k28qnxG1Zc0x2wguQK7V6u2bPSgC0PXLhVhplgW0pURdMwzIEstJLw/NZlBPrTajSqbCvUSZDBjr9RcgjFMotjQVq9JpSfEC9Lgpc7EPML8T9GXmvQJEPR74Oyj0Ojbtx57jSiLS281pPDTtgzOX+iYNNeMpwwkj0JOpNKrpuhTinhA80+qt4XZC9ShKHWpR6YAl0VrawkttQp1PJCl9MOSb6ceDhKURQGSbQZTiJ4AeA4GExjkPqJc9xv0e8JJDkhxiSIod95qRB+TKOPBmYS4FnysmJ7yMRljCYpsKxTaGLzGU5RRwgSNQ5PgQ9KItBX1xmzGQ5JLgzs7KUE4mXaSD7hhLT7NuESyDkiGQD3jWCWtk00rFFqZs36SzotHKpvVGxm+z0vIzh6WzI85tAq/Re5z1T3nvC5yYxy5zwu+9JnIy4Hfe8gkI8HPnui5z3Q6QTw0SDihpX3glYVvU5w55z7vuN95LguS55OPOyDnJeCPedCPodD//xAAtEAACAgICAQQBBAIDAQEBAAABAgADBBEFEiEQEyIxFAYgMkEVIzAzQiQlQP/aAAgBAQABBQIQSqGWHyPMslMs/ZT9MdmqgkWrqHwUEQ6LsCLIYPvUCRojbnTc/iWmv2H1Bh/cJR9Xn0PrvUZjMd9TIO/QQwTt6DxElogEQT+nMUx4kaCH0Uxj6j0EB029rb91mPKzqMdw/QggbwlLdUtVKrX7E/dI+Nvhg3hjCDADsDw7+SYIlnhvM0ZqGb/5P7rOhYYD59T6KdQtv1PooghgOox3BFM/8v8AaxoPs/8AAPRTGPlW+L/cM3NzcRZrQq/7WsHSwz+h/KmZC+VU6WsRkAH92bh++sVfBGjjKCHVY6CWLqH/AJV+n9Af+ATUMHp/R9DEPkt8T9wfTfc1/wAASWDrP7/r+5r1rXcHg/Y/jKX3HHhjqVbLUrLQPTcsslbbjr49vyyxI8r8KzNuk9pkVeH+x+zX/Av03/DqCH0EVJ1lgg+/6+iT6rCJr0Ig9D6a9FOjd5g+/wCpr01MfHa2fj+2Onm3wDKd7I2H6rEeVXS2zcRo5hUmUr5b+LWaPuRTGPnFXtMipQlbdXJ7V3jyssrav01NTUpxL7gONulfFELfQsOFTWq8fRZH4zMSWoyN+yuuy02YmTWsH3r9lA22viTHO4JuffrqL9gQzf7VmoRDG9RNQCdfOBWq059v+wvot5AQRnVYXYw+YBEWMYngCCOfPbYdTsLAsP8AKjYW+xyD9pZ8bTuUDtb/AK9Z2I+KwOxpt42N5UXdbrLVWy3GE/IU3f7KqK+QqaUWU2S+sMvI8dokEenFcW2TMemihfbSxf1JxqY/pv115q8Ht8bPUykS0CATXp/Tn0HqIBBGnab9V9NztKcj/TZtn0FjWefJhn9AT7PXx0m/ivmAEwpNRiNM07xf5U/TAS7x6GcZWr5CNTYPbr9uzArqbrg4yJmXW2Zb35SpxDiJhY1Iy3SxcHkkpxvxsHkhn4GTgWpme7i42bTecmqlkwMLHqAu2awZWTrnq+/H+q/REX7VY6Rl8wxDGOzub9P6YTX7BBNxjDFHif0s6wiaiN0Vrtz7h+1+is/pV3FTRd9RSDLPEp8lRLfrfl9wwxTKXjHxd9iGYF5qf8pbpiWoxzLFrrwwcrKCri4WWeesqrwMtnvx8kY/H4475WDVkKcDksNuCyE5bA5DjESZv+jKotFkyLLhdid7Fx2rlW5+pG9rh/VDNbUeCG8M8aMsaLD9n0BinxD9RvQQTUIhi/UP1X97hM+KpvsehlafGwfJZuOZSYZZqVnUtO5heWsXU+x7ctGoRCPSo+XPxc+o+8JGtNFKU0ZOazN+ncVXpzuUxsBeXGXfRZuuIlz10oxvxcTKfJXkeOF1GLTU2fV2V0W/kjWMa9iqSj27FQD3KGprH6q5ZMx/VZ28DySPH9kajH4v9pDD6p6CdJYvoIvo3oIo2XXQ3qbmtA+ZSnnQm9Czyyjw0VSYi9Y5jQR5ieLH8r9FdEW1w1R1hifbnx/aCdI04WtWyOauOvxmCUZ9y4eJjVZNXN8gnvrq97G/2rZWuPw1wyuHo4oZ+TwX5FOBTy+LlY2W1hy8dq+Vw8Q/KzF6HOyExsHkOTuyD+xRGlMOuqDzZNRx5SP6iKIRK54lnmNAIDFMef2DKf5ZBh+0E12nt6nbUrO5YYISAKvkevizc7T79GMpfqVs3H+qG8v4hIMuSFZrUY+gMV48xbvYqrutXJx0/O5P/A8mK+AyvYfP9p8nAUAWlfeox+1HDezVx+F0xKOV5rmBXjcXZXw36ZsDVJVRjvf7eVKOlifqDI444v7Fg1qyJP8AyIfM66Wz7rlnqv3uAxYxm/Deohn9iUDzkQLr0U6L/wAWHmmWxPq2U77dp07CxNHWofQRH0d7WttR79hLPJ0ymrzYnhh61/aL2LMbcp2L5uDYaMxv1JfTe2bgctVyW6+SxdBW/i7bbjaPYw839R4FDYnOY98/U2ZkXXcF3XlP1DkPRTwfdsuvILZedjvj2fsrXZfxGO4n2n8dahjN8XHlft/2j7Bhm4YYPQQ1+ekpXUu+/wC1+j99vHiDxG8xD5cbgXSsfOM8sAMaqMJ1gmvKH4mNFaV2xSCLjG9DE/nTi/i8fx/jM6H8pOO+OXhpys5LAy8NrsmzLyMEj2sojWO6rfzvN3Z0roxLBgYONwFGZZy+TfjUVgfq1P8AV+lMGx7eRBXlbsYZGHk0vj3euN95B8RZWZ/5aNvUA8uPHqPRYYfTU1Nemp/Y8S0zezAngwN8vQ/yrBMs8AT6lVh3WA0tpGmEYaKmA+AI4mvSuzQc7jD0M4lGOVydmsLEfplDf+QV/wAXlTUrXc/k2vx1dZa41GuM3aZdeqOBqUcjynM5hhXNsszs5CP09g24vE/rIEVcHjCji+bp6fqNlQ1c7R49avEu8+iykS06AO/S0alR83QTpCIvokMZZqagXcKRhP8Az18FfF8T7E7+DFHn+nMrXc/jG8zUA9BYUL5AZV+ZbGZpZV1AlfkWiN+zcMBmCpnIDvXWP92wOTz7KrBU95nM2E38Tj6S/ZgWX/Jcb4WsrsVtroTgUysjLt3r9cPu/hshLOIyczDyeWbzbeFdc/GFLelf0RGEpXbVU/CyvZ/G0tm1dm3Kx5cbgSbhgE1Fm/QiGKZqWTcQ7li/G8eVnablfkt4nafyNC6Fon1+w+mIwDrqZlewwKnGG1vSdYVirCsIhEUTi1q7cgQ8I1ZneLMO5kauzrV1L31/GhgZqOPPXTu/Wvj6sbIxmzMDisKn9T0mo4zXY/6VTXGc3jPg8rxTXW42TX7gy28+lf8AF2873Mb+aMOlj/NWBRqQ91+KOqpqH+fURx+wfX/rr4AloifY11s+z8Vxm21jfG+f3CNBTqFtwyhdt9AmETUAmoZ1glWQyRbUsl1YaY9ekyFhEf6B8/cIhEWcXsWZ9FjW5YAZf/poRtpfY5GIC+Sq/DXkqBL2CW6lKPt6MnK42v8ATgyGX9L4i5P6nzOlXAbr4/mcGnObiqPYxXrXt+o8b/ZBB9GLKYjfGyLZoe8Rbdl7VLYzfJW2WE6xvEDRYR8k/h9S6fR9ybmR9Yx09rfFj6bjH0EUbNa6G4xm/wBmpqHxCYpIiXym34371qMsKea1jpGEr1245K0nJ3myW9rJVaKrC1bRf48cCMhBtepJelxHxWssZekxuRwrDhfiinEccfi5WbfmxP03dY2DV7ONymVXTyLMQFAcclgplU8nxmRhtN+giGd9KX36H7MURpW3puWmKZS0K+R4B+7B4eA+deLTFGi7fEn0PqglST+teP76wCdZ11NTUea9BMJI9Y6vXqNqeIrBYzgx543gOPac+5BRbkG1FqGP2ds7HyMQ/GnIw7DupvcbkM9KG/TuA2FxT8jX7mJx1WTnYFeDj25uJRe2JVj0UvdX7b8haLOZyjbl4PIe7Tgk+24MyMb3By/GbJBBgMr+7G8VnZVNi1dHcEsiRY0cTUqm/T+2I1b91jywAR/51ruZK6HqBK6tzp1g1r7YtDEEI8bhaL5nXxaITPuDxMRvj+RCwIv8HvC24DG+jK+xijqnhYxXsql4mRlZOBZi3rTx1edW/HfnclVxGBi8dOYuwLsbF5OqpTgNZlYNju2Tk3KXpy7o2LmVjM4uwHBGeUNFP5GIw6b8aGuXAqS7hKsurNw3x31BGMq+6D8Mj6b73Gg+640b0T7ZpW0bzH7RjKZa3hx8qvvIGw40YibFVUResu3NxR4tb5VeYv312to16VnyvlbxGiwzDHxyf4rcyyyzt6j01N+3K9CP/slNI18UmPc2Na+W2lzbQ+NlULj/AJidMTJ3ffyGORlcvXWceurKpbCvCYT3VQWoUs9mJTSpzccXUJfdXdQTYNeOUWxpj1NXT+oKLJ9H0rHmj+F5j/YghlbQxoIsaIJWJaoCsPKCWS0fOvxHMtr89ZWsQaDWfJF7ranU9tCw7NR1EHiuZK+lY81J8Mzx6GAzFfS5T7H7Nzcq7TwJ2CCmwMzX+5YhWM47Wn512shTPHS3OvYfk5YlV9t0xLHIHIZ1V1XJZrrYKb68fHQoMWpsmyy2lqHtIOP7sx6UqVzocjarNX/1cm6vZymB+PaFhXykQ/FvMsT0EcRTK/If73KvMbxFad9S63crPltRzKaO75FYWH+XTspSIs0PbvXT458ZGirb24lA21dfwUTJ+j/KnwVcBclu0Imp1iHUsO/XUQRq4ylIzlj7gE8lmfrVX4raw6us7vjY1l7V/p6+yrG4lMdL8V1y/wDFV2pyfB5NV2PwuT+O/wCn8lp/hOQpXGuz8deK5WsNW+Paa1qdURQCJ5lx0tVAa3LuFdebkB8nnUc4KECOYp8ofG9Q+R7flapamp/6q/hYflKZcYD5B8PKZuGLYKxZZ3lrabGPZGT5WkLPcMbzKfqyMAI8xNe4fCrMj+J++2p3Onadp2nedoxm52nad5j2gs6r7Vo3YwAhPYQmbg8nibK67MHKqya10B0V4i6GZytKP+V2em8GC7tFVDLuDwLZlrn8fRxuZg5Lrc6ilwfTJVjE+K8139vjMWy6ciK6+Ht6dzFiS0yo7IAgKzIG1YfNP+sj5BPC/d0H2plgHX+OOPTIbyDMice8MvTsq/ZEXxGlz+epIqJSxX2K5kLtbNqwM7RofTcBh/aN7e1yG+teB6H7inrAxJ4XM9qnK5NxmDk1rbL5t3oybTbYjWyu69pXmIkw8hbAjQAMvKcGLZgXtitWFimNLPrkCoXF/wBa/qH3RxTbDb8469oy9VtEpB27aCOewPZLf5r/AA18gfH92eZ19PtL9b16M3lDLpj2dGruDAnYPh49milvxf5Pj1jrlYuglvVks0ouVhm67bm5uH1H7lPkUtpMD36WpsrjIZ1P7P8AylhqsW6wtj9gFGp16ikeah5rtbSJj3NQmTUuPzIS5GV15LES+jisk4eWlghMy26q/ayYtzPmfq4f/kvqf3g1f68w6gHadesuMB8ox1Z91/wP8jAfQr8Glf2TtvQtKjHOyRKnIlD9pcPJ/hYdsv1ir2s7dSfnj3+LfePUWsC1hb/h1AkqrLvVh9R/jizDDuSVbRyxZfx6ittGrMjE0miD7bz23YrjWsaqlnRp0aBWDIWWUsDUrynzMe0rAmLlJ7VuDMXKpyU53jqGXism6u6mx0OSVNeXk+2eFxjP1iSmGx8j7xrdV3/7LEXUtMb0x5esrPwCuxY+FiDzSzPMh2rBpRkmoF8RfUqOuPb1ZnDS5tJvZmM3WCzb1Wr7efr3f37/AGV/I1YV8yPzFmP+QYndZ9gAiN1eBmUXKDCGRs2jvXVeGlbANWAZbWpi01wIJZ3WfkpEtXYsDPhv5qEo7Ao/i3Dpa1f9iczx7K1Fgsq5f3va47jmsalAifrcA8RBEiRF3LkjLqH7pOjb5i/VdxovyvbsRIzHrj2NVY9zNdv/AFFLHlaS3SrKv5Hx6WN435oJJyT4X7YwHwpgudTYxY/8KozTG4/tK6K6myr8mo4/IUvK3xWetV30nSBNQeCV3GHuVXLbTGC2tjWMjUf6wcmsnuoDncBMYBo2OhH++hquSTvRm1tMfL3Mc7CDUZdw6ZbaVqtJErVfTnB+RjspV0r8fRp+0/i67l66DRTN7Es/lRv3fb9pNeVBjVkR+6W3IXjKqpkwCVfzuiwV+41tbIcUTJ+6xH+x9f1vzrccdYylW1Op6yqlnlWFTqvAwyjYKLOmWoQ58H5WmsdI9uI8fDxmFeDnouNflIK3Vx5UMdhD4Z1svs+cy6DK0S9VRqZtLYcd+yI/RSwCMpisojp5/HRzZxlfVF5LDmJ+obqbMHmcTIrW5TP7tRXnthYJfcK0xA1+V+pML8XPR/ix21Dea2HXe5k/TQCIYR8LfvDqJuDdrEA1rx3Hb2bci330Wq6phe+OxDL1fHrLWXV9WxKFvDKwmUxXAxR8bfNn0vtnViAVtWwUwEg5PmXL2u9ntBjr7fsVbXHUs+LQVqptSUt3DWisDJq90na9a8mrLwRj1VZtZqwLn99A5rtUCivJyFZmRoayCKf92SqqLau9YosW349sqr22Xt2VvkfE6RPRVAmviNrHrrurXiqSzry2NbxeX+TWI0bYl4uybcWr2qv1dXT7ufi1VIAd1q0DEBbJf/Ex7WrgybtqwdB8ZW/tHs0x09yyrERTlrSQ7XgWnWLY7d1d9t5bF6/k5+IOuItmNl+wbJlYdSVL8UP2hjWGKz92sQ4mPjdgagt1GN8a045WqsSPffWKs6ix/wAbHZcmm6qLk45i1UWqRyFEOdUJV+DbFpuUIbBXfh021nCNU4vkUri6Mt46tjmMK19iztj343e3AxLK1wd1ewUbMxirXWMsrtQTtXK/ku9Ruu1giq8Pabi2IJVakxeqWhl9DAo9P1HS9yNi5HuHE1GRaa1RLktxrKxcxJMu+6FD3f4+2quzEyGfHxBQuWR7FNiVS2/IyWWoYtSPu9r3Mrd3lThrcSj3X44MbuTv95+SYNKuQbtzFtKDj8FrceyohqVXtXx20qw1yhyqJ+Spdnx1xQKselDZRS8yanxbaOT3MmlMkUZFuHYr9hk46OqNbS+NyHYnqwswcawfjZ+K353SY7o0sUd/8YhWhsqtaLHeqxMfNo5nhrcO/hufx7K7MHjc6mvE5bANGR7z34QarlMCz27KXVkaUXdRrc8ylezVDyoEZPBUgg+WOot9qzC5LrMfIS1fVvLPXUZdxOLdLv02jt/ibcQZ1hLZddKs1XuMmI16iq+U3dqrMh68sX23W5O3px69sPcXLrDs5Uy9z0WvWOwBYD8acVaaKfcexuyex+Va2PSO9mPm9bMit62ts9u7i7qa2yctaxm5Hv2LV3FtLVrg5mp22D8mzKPbtR7KXsX8qrBezoG8Zty+6ivbbWetdOXR29+kxvZtXJ409hm3Ysw89XleerrVdsZFRdcLnUc8lwNFkxhm8Ay/q1vcouxuSorrVFya8lZbh1XTkuJbGn9Lc+6NuBoHfUT+mHnQjJ4bazsDMfJsqOFygMqtSxW+o7jup0HPxDbV1WXYmLcuRxLUw0vRZxy5XfGzLdZuR7llWNZ+JjrXh0taZ/2WUVr1zX7XoetHZmCjUIa1e8fEZ86nGFd6e2mZ/jay2Lj5VeRfTReh46sK2KtSNZ5rRwLKrFi2soLBmw3NtfVjOSVBR4Y4Vo6opMyzY0rxkrPuKpybLnrFVm1S1mF+VURyOWsXkMiwrkUuDbjGY2TkVmrIx8hOQ4au9uIy8ysZOOtqclWlWZ+kzYagfTkButFrvxuTwjTaadNiWdLO06wN5G9sQC7aJ8lkjoAfoo2jRl2VNg8krzYK5Nv/ANoYa9w22BQIxE6AlvAemm6XcdUVwcF+PfkMbFyrLcdUrsfaV3VMLNvb41aAI5Dump2+WSqV42Lh1NTXVZUy0FT7RulFlmOeQW00VMKqcjNRxlZL2pjUn3UrPShFdLPL/wB4FXSpKwDy38MfQlb/AP0df9dY9s5Vi1VhbrGteU4rq3XpGarfuViNnVVoM3KvZqcqx3xdRrcmk8VntevOXXInCZyZ2J+o+MruxuJvvxc7BtW3HlwGmxsv8m/HryaMnEauWUtMLv7GupVlMIT06GEeJaBqxQYQRPErYrMfNuqgdbMpj/q4e4PlNGIB+zCI3bdl3QfkVtDTj3y3A8/41oMLyOOlnG0WJ/hFMvxsjHaxeldSArUFJXSY3+Qv9k5WWYtOU2S1fSm7G/Hd0xWcqpYP7L4T/kU4tc5XFCoq9nw0/wBBSc38ZjtqnF22SBubYtyBL5JyATViN2S7xmXootwcoqmFmtMbjaKmcpTXlcnUss5C+2e9nEIDMHJpuxqcbJwrcv5Y/JpZVn8PnKMarI7Eaj6meQkKLlVpTUGqRfbsB0EdYzeB27KY0OlJhEdRtgA3c7WyB5Xl2BOKux6Z3VldxqtwZvc3GVWmVWuq1LytXSPvoXInv6leRufFh5R7ellV9bY2ZXZZVj49jMce+pLs/LJZzct/5Qd8XKYuzY9oyCGuZcrriYd112Njvj2dVWy0Bq9gZ2IQaGHjkMM3V21mleOYi+saXsZmp/r4bTZJ8Tk71pTi6QE32hatpm8kK5XTdkMb8eiWcnPycl6zZnT8v2jxGZVZETS/qbCU42BkdG4XMFuJWwIZ5yqi1eKx7qq+Rb2crqOu+9CgvXVSCwpASsAS3xGdHi1Hq9csqho3PZPX2NTxr5CA+FteuHLdloyKwq5FcaxY1sdu4q9vTHzd/wBOWCJSfcFQO9Ex9FMd3M5hN01sentlHzKRUdkSq/ovH5Vd8fDVa3K0mrIauYT33zGR1NgBl1Y93J2tP8MnByFZe25bpa+Vq/18bV2tUrpgoHJZJY8QtVdfuy9lyc8AlP4zNv2+JxzdnaoLZyGCku5cxOTtJx8tHjqty14lCtRd7qZtZsw76rMe7iCz34jUey7Kxz8X3UwC1J5mj3KvfrVh2FK3sILEll6CvN5oKyZN+ZZg41VVdvxgHae32a1NED5MPJXqekcajbhbUSxSR1MsZlPuWQZDCe/8jkkquSRh91sHQAqvSb0tg7LjnzyXX8RAtEcjHyNu5sLutKIYRtxl3IB9499OksXdF3lsmnTMHW8LrPXpk4uS9K8Zle4zeTzp3Xhf91OlS4dxzbfHjeiU8m7GvjeiV+70mbk/Hj1sS/LyWRLcl7CMa5hj4FaKgx1H4uMxxqOlgHvzDPx5Wy1amTE5fG5bDbCuweSyMezBz1vHK8j7NX6eyltsbWucUrKHymSvuTaqKbTjWKcLjDbi0YlQbPx6295MilBuuwLq9dlkNd1WiWAaOetjkiWENCPloTs07WmCx4lldhq3XZ7pET23jVe04UNAVSX5Fa05HIpXMfkbKjkZtlqtTUy5nGjsmOy0vYaT7orV2JKL3e5EDd8cEZzzHOTlPjYlCgvjVrfl4xmdifkM+Jb7eE1iOt05GtWqUPTfReAi2Bl5d+9nEk9s9wyce+rL79WYN3+3JzFRace7NOLxaVpyHag/k/H8iVZLKRkJKOQoU3ch4TkszeW+FYc+vCzp/isauVY/HpMahOq4PH13e+sa+uwdwJktYTyXuV1KLHgwzPzMil8atbbNeycjk8o24NvvVXeylGU9SY+Nm+5cBqWEFr3+Xw6XW6X8pyK3IKlmNVPnlF9uoWGyzH7kXfCV/NckDGyc16rZjIgHIPi+mpRy1XR+Wp/GOfY5yLxbGO5uKdTZY/FZWrsMK5AuTyDMKi9r4nHVIf8AWiNn4syc/AUKaJTVbcMzjXtp/wAHkiGvIrXkgJj9a6s67cx26u9m3U9S7d3ovCCzOttf8hRUbMfvXf2a65zGbQ/JsBbNj5z6IteKz1ubrbpXQjQPdxwTkWumDYjo1XRk9vs6bnJdhRRaCouTryFLE12lZ+SWF2Pj0Y9fWu2u17Mi7s2QuTTXaualjWXBTfklrvyCVtZ2m/OPZtMQ0oKrMZjm5tLthe2GqfxYyvXT/wB3O7eyx3YIesXZYp1i6M3B+0zoRG6pPcssnu9KlbS8dUqJ+QqjkM58ix0Kj/suxUrQK0vykprt5j3bMvkr+2OLc3Lr4Fd5H6buLZPFZlL2d1Yxdq/Y7WzU9wztBYRFuZSb3JZ2Y+ZWB23s3or1rtYl3UEvdZTjY5FK5GK+JkJk42ZZ7OPTlVZlfIXY9dNLdalsTdjj3MnoJRoG4obGd2ZcjtTczF/ECtNF5VT4Ni0jRLDH7T2/k+JkV21oJfS/a6phfbeEb8mwTF5CpMVrWdj0Ex0W2pnpMZ4QZ0+XRRPh1VFsLAj0QassV7a6QLHsAqnkmoe5dSXrGZlNa2H1WZN3+zZ7cVmGwveEXluQ/IegV1pc4LfpfHsrtF05nmBj1nLvef78puP/AE8vW7gsT3LuFu3fiW0n69R5nWKpJ6+CJsQHU1TZVchQq2oLV0TkXLTdmYYuY28J8dH6Te+5EJDzWxWR7ntlpbi21143LZGKF57OuozePqejuBKlVa8Glsl1waa4+BTUTjMbbcfM9n3rLba3trl+UxGNlPjJVj5b3Hi6hXfQaZh4VTUZA45J8YdweIoJg1DNmbiMjOuJWJk1UqFyWqlWy93u7JmGipblHrFX5GzR21jY2H0qxbbfzeUyiWxkRVychrDw+F+Rb3CjMyxRW7vdcyWifpvrTWwuuWrDeoPyF+PlZuLXkUZ1HsXahi+J3Mp6gCsW1lWBUwHcUsJktudvC+J3MqWzLs5dxh8VqXVdKvqagUsAUrrV++Vm3+7kY6ZGYT5iqXlNrJW5PfFXtVTdmUVVplixxfl3/iFU/wAjYtb8r3rdg2Sy6nY6vustbF6NeUxEmQyO50oPk/ZYdQf2CAjZtct7vYmwuyW0g5Lq2OGSMHqiWOICoNu5xyUAZObQ+PUw9249riw6hfnjkVi/PKO1t2VZhLqoeBm4lNlGDyV+FbxmZ+VR+pay2Fwub+VV+p1UZwilJ/5T5elGV0a9q8l/qAxGh+T9BLQO1Ce7ZWcTjMfkMnHzGr9lbPZNmJahDJ0VtqTXX2Pan8dFWLRc4xeNyGW25sasZjqPby8hKrWqY5lONGznsi2pWPdZaltsWEsYdmVUmyUYzdkw0d7cGxVbsIOsOptZ/b2dk/Z9etl7sCzT/V7ZabgOgI0L+LCxnbcB1BEbTX0npsrSenuUqC1DBZV19u86pyT2v/TgZMXLAspws6zDmS9tl/UkdYazGRVQkTfWU0PbH4nO0+NYkspdI6p08zHNQmNdhJZlZC/luCYvUT5vLKToV/6Galq1I3Sa1nuz8zJ6G1yC5MRGaX+8qze/TQ18gdkz/wAj77PKrch39vKRhlXhBkie+hjhIRBP7P22gz4rinWjqUYZtqsosRinWVU2Xtl4luM/UQz+hsRu3p/Wl0Z7bdNw5Ni1VWulhPyBZStzgJyeZSuTyN1idfPG8iTVyvKXNE7g7Lxaq/Z/HPd/cldizQhx2mMtvvV8la9ORmfkYn8CezqIvSEifc2vU+Bj+ybVxKWoYKDqV1W2BixLE9dmYdXv35HGAVsOsyTiolmFhXUD08w7m4QwO9Qk7qdkc5GQx+/XudQahBHp3JZs9+r2F2wwDZhhQW62RcSmyU0VJOSqrtrNQLXVlYNeg+j5gWa8ii7qvGB8a/CuSqIrFiF6geHdhLX7wd1mP0sOYuNtbHSbxzEXGLWtUpvtqIow7rsfI/IpfoY25jO1RuyrHNFntPY5dta9Ps9fGov8sda3lyqsQ9I1zu2jCEZMWutpRjqrWYd1Rx8e4v8AmvUcu5Q35Dwn12222YPBFrFSPTX7PJhRhCjCaM7HU+pqfUqJU4i/HIzGWLySpDnXMz51xr7nVtzOo20H8sPFF0yvx6b8PK6AIOuRkM9NXJVjHvzK7a6k9wugDpSSotCwWhlqGM6NWwda0sdcavvk08eAXoqHel5ayhgwM4jKqxbjyYrybyrurUidlaHXajHtyXPG21ijhci1W4YVVIibTjsUHOr42uWde2I/t3ZL1G21NGB+sDSoqbMyrjxSHYE3PBawZmZmRdzz2MA9P7n0T6GH17GB2ErfwLK1l/ts8rxSZXi1iNh12leOUTOXornbATz6HevAnzvf/GfHHSrGGayvcXbbZ2T7bW9oG04IE7GIepZy3qKyQQZqN17diD9lOnZbMXdnXtP6J/ZjZV2NLrrr2rysqqp7LXn1GdyBD67OpuGCA69FOj40FG11FVGgSsxqUWKqT/WsYjfiALAlEC09mCbtrVah59FFfT9mHWejqBMV4HmZbX0uA9wHz6J6UWtS92VdZC8V57jQkmeNamoRPMUCJX3ajETS1oouxarVtwn29bId6ngzUE/szfoPM6TXqYvSEzYnbf7BANzUOvUQ/u8zfqIfXx6f3BqEQQ+gy61lmTazV22LGyrtPY7kCdIfoanUCbnmNB9TzFE6GdYK41MII9Kj1C3ElbtxH1Ady3HruTLxzU31NysFmsBUmaXrNwn/AJFGxvX7uh6/URgGvsDn0NlbUnXqB/wj13DB9H7b0WH0/v8A8/2YZ/Q9Fn9D7iS/7H3/AFT9p9t9UfSzlIfTj/8Atzf+z/8AiH7V/wCpv2j9x9D9ehg9D6//xAAoEQACAgEEAgMAAgMBAQAAAAAAAQIREAMSITEgQQQTMCJRIzJSFEL/2gAIAQMBAT8B8qNqN1G7nwv8ZC/Jfr0dlM20b143z5v8mLzXghlFpYZGIuM8UNY28WsQ0r7FpxRtizZBktH+sLT4tjS9eS5wvG/HhI3eKnQpFjOs6L5HtPsXSIR4vabZdoc0+x/2Pb2Td5Q1lfmuMcVl4khMTw1nTjSsnJmmnuRRqz2od2Q1P4kkmuCSobwhvCEPwXh6xY8JlWPDwkJ+G4k2zRkoi6PkqKjjT4aHqJS2ms/6zEeELseLGLw9YrPQpHY+MUIrKeIwU42habUhHyIuTSR9MvZ9ig6ROX87NOV3ZqR2vD6xR6ESy/CA3fhFDeezaMXloSo0/wCUrENGtqUXyMjKibTWLGbxrgrFiH4Px68VIkLKHiDNDosUj5Ek+vBcxGqw8buCy8IfgkVlRHyVnblD8U6NKMuhxlX8SMnBEnfgpF+F+CPQsrsliJu5GJ5eGJ+VC+R6H8iFGtqLUd+a8tuPQsydEmRlxj3hK5Gro7Fj14ocfKKbF8dtEtGSGvBeMSOPQszKtYiSXJpxs2OM0NKUeTUjtlRfikLSkxwa8IwcjT0qFAlFmqvJDXI0IiPs9YfhJEOFjS4PkpbT7JDbfjD4z7kR0410LTS6KNTRUkPQUZUyPxIi06NopLGtEkvG6xYu8bbxu4GhLw9YQ5N5SbI/HmxfFfshpwiXT4Z9rXoU7LLNXTNO4m9ikbVIenKP+rJOX/0iavrxeFhHsYkRjY7H2N8CdnrFi5I/H9sWjFCjFm1Fsskcm4jrH3p9n/piRnFdCq+BHWZ6Ska2jWUOF9G1oarELZtdmzk49CkkhTFA28lIceCldEoURWxcIhtkiUXDmInu5j2Ue6GkUSSJqSNxuLLIa1dmlqkdRS8GavxlLlE9OUOxF0XZxI2UQpEpc0i7KJCKZGA4iG0aUHLs1Fs6Pjt2SfBB7OTtFqPCJJSZ9T9M2tey7NTSGmsPGlPayEV2i8XlpPs1Pjf8k4uPYxMUxKx6Z9bspk08KSolLgu+zhi49EZtDdmn/EcrR7SZFk21Lg6VlbuzZGPLL44Fz7NTTi0NU/DR1dvB9tH3o+5MUjcXhxUuyfxr6HozQ00Rk0fezRmmOhyS4LLY0KTNy9EYs1ExMiyyTuSIsT/yEpXLadH+3Mh6/wDyRWq+bG+OTVVPx3Fm6hTYtYjq2bz7D7C7HRLb7HpxEqHMfIljcyyEkkKbGOKEmcjkQ1ER/wB7Jan+Qlq8j1t75FqRoWuh6iJ/XIko+hNDxRRWdr9D44NzFJn2sWqOTYpOhm6kbuMUViKEmzcziK5PVnY4pIao/kUyy82/PcWNiFJofIkKJtKRJxaExplMs7xZGSXY3fR67E65HLc+RXJ0SSXRuuVmnHe7ZOUYl+FFZXglnopnCEzrtlo3lm4U6Lw/Bjd5vO+mdlYrgSKOMRSY4pD8Lo7LNzF/Y/FV+FCHQlZsPrXs2wrL5KoaeLKi0M3Ojd6E89o6OCzjxv8ARCkkbjcy/Bfjf5X4PwS/JDyiz1i/yWOyL/H/xAAsEQACAgEEAgEEAgEFAQAAAAAAAQIRAxASITEgQRMEIjAyQlFSFCNAYXGB/9oACAECAQE/AdK8U3Y+hxIi0aF+BkV4JeFaL8D1ZZJWJEzdwJNkXTHIsptkXT835P8AItbHJs9jYojihxpG7ad8nGjT3DjYujdzT0nl/o3yZukhymiGf09JZOaiJy/kUMWr4F+OnZtEWey7JEUJFEiPQj6hcWR3Plnxvtknf8hyj+rFCS/VkebiLd+pjW1D60kRY9HpWi8GXzp2SlRFt6PoiVySLIy0kudckt0tpjhFsy/qy/RihuYqrgni+8Tp8kXesiK0YxaMsT8P5DZbJdHorguiLKJRsURQaE/DZ7IpJGeLkPswOTkUZOU+SONuO4xd09ES7EtJaIeiFpRvZF2xIaKH0IcbRzEU70iuSQ4i022VwObhKpG9OI+zA0rZ8sV0OEpxsxx+yjLF0qMU90dO5DFI9kiJY9b0Zi706ETZBayVLghkIki9YI9H1Eb5Mv2xUdE+KMeOyuBEo2Y04yrT2Po2cWQnyOYpCGxaLRK4kFzozo/ZiKKGh4kzHcXySeljMbGZEfUd6NGCLT50RRK1KxSTREkejYhRRt0o6ei0bpGPRtIlO0RVI3Cd6N6VZK0yI4iK0asywT5I41/RPHukQVLS9HE2i0Y9Xp7HrJ8GKQ5UhtyIkSZjnzXgiSs61WvInq/F6vWQj2NC0Stk1XJubI8CIkyP7C1Q9GmiMr0vwbSJZ0hZ0xPwZLT2SdG7kl1p7JCfAxLglG4kFTJdii6Jz2I370U7IO0UV4NjyRiKSfg5JE8lkpiaMLF4Psm6Rj6s7ZOJLrT2WVzpWjjZXOmRNyMK5FBC48LJ/UrqJLLNPs+Rvst+jHmaFltWiX1DQ8linZKLKMUqZF34eycbR1wQJrg9FjNvImWMXQqP5aVyJJaWNpEvqIof1K9E8k5CSa6HiT9jxtFFGKZOpGxG03OJvi/2FGP8WY249+D0UTqYxno3UbrJPgi6JS4N9xFli2R7stjk0LImSzf0PJJjm12bnRSHEi6PtZtJYrPiaPhl6GpPs5rkZd6xyNGDNfD1kW12fIcSYzIkjgfYkxo2naNjTPiXZEk2iKdlJ8E90WRanxIca4fR0xq1bE2biP8A0QcH2fGbLKKJYr6MmMlBx8EY87j2RyRl0SFySiujbtFInZGPHJ0bhaWqHJlj/tGyTJyUeiD3dmeqIdkluVHTEnLliexHyr2i0+kVXZjy0JpjEIyQ3Ik/TGvBM66IZ/8AIhJPoX9lJjxjlQshcRtEGtGiMeSq6OUPknBMVpmbkiqZ6bGiNbLOZM3bOjfKfCKV8n/wx5JRYmpK/DNi3cnx2fCx4mUUJnAnXRD6h+yOaLNyZKCkf6dGWG1isjFvkrgrkQ0V/ZKS/oxtFWZI9MoinsY0Nf7ZGO2O4qz9ftiRwf5EnjXFHHowu1pZem02mxMeNDwEsVGw2Gwooi5ehZJEvu7FA6Gzg2xKJJtjihdimXEpPoUTJhZL9KFD7BYuKFi2rgcJXbHhPiZD5I9EXP2fcLSy/Btexc8m1Dgj4kPHyKKQ4q9Nts286WXpJ8jZtRTkxd0h8EZNsTsuPs3IUTaVWledeDSYuNHM3FsW5McWxMtFeEotiX9nsavgUaH9qsi3Jcm2lRklsVIhjlLlm1D4Lsuy/wAF6rTljTP/ABDRsFE2jgytVpWm2vLbZ0btE+Rl6ttCdi0rStdqY+HXk7ssbfguyxyHK9HKjeb76FKevRYmi9N0kxcjSNns2i0bd60K/wAlFjfg02UUvChx/wCFz4rwcvB+KGMjo0V+dD/D/8QAQxAAAQMDAQYDBQUGBAYCAwAAAQACEQMSITEEEyJBUWEQMnEgI1KBkRQwQqGxBTNAUGJyJMHR4RU0YIKS8EOiU7Lx/9oACAEBAAY/AvvpUf8ARsKfCfuM/wDQolWj/qKf5zgLPhj2cIfdifa4hrp7M06chCSBKBqNe49AoH7OAn+tNe9taHdEbNpDTyDhCMU7x1aoc0tPf2Ypsc/0CufQeB6fyW0eOVj2JUfdYUeEeAHF8ghS2hpLDzUtF9I+V3hFplNNTQ/hCtpUR/34Cip+06LezWr/AJ6uXfEmiiXvqTrUKNSw92iocIzvR9HK2jVYXdPKVG0MBHVF+z8TOiyPDeVpbT6dVYxob2haArf0hA5/yOFKkrH8NBbeRmOUdSjFO5h1UAyzomupN4DqOi3j9Ry6qWM+zUR24ijR2JhtHndpKmtWa3qApPHzlydXDQ1mg6uPVMbVa4xiUX0XWuHNqFQEvaDIchUpOF8aIsfT3dRWOphw5dVc8XP78lZTBlTcQf6sKIVQFswJ/keVj+IsuDWOPH3ReKZZTZjWAt3Tbwjq5GJAP/1KvrDy8k7aRspr1H+Vq3u4ZQHw81Neu4fNbttQOnqUGvAMap2IqQt82k8Afianbxo3jOFy4OB2ohB0C4c0EbOql1R5j8IhdEAR9FUddEiP55gx3TQHOCLjSbP0Kc7zMHDnmnbRVcb3x9ECWvqdm8k2ps1RtOmBLuqvDy53xHRb2pXkfCGo2vLXPENPIEclQ2mPdOxVZ8JQ2V1VgdpCNSmwAuGY5olVab9WrPyQfZK/dwR0MFWGQe643puzbOZo0zk9T/JY/iLqo9ENmpODye2Qt5W4abf/ALKym620WzyuKZs1rd1TtLu51X/D6Wjf3p6nk1Bz4e0Zb3KpUn5zlPr/AP49oucJVKr8QP6rahWJabrmkcpRobTk0DaHfEFWfIZuvNKdtdJpDS6QQulRqOz1xkLhOO6ZtDxe9vCFaw2M59/5Dn+Nc55dMcLbea4vM5NoCGtbyjCcLKZbM4fqnUazC1/cap1VkXEfrqUzM5kj9Fd0T6b49420+oOFYzFMSVV2upTqF9Zxc2mBLo5BOYdgdszX4BtMp+1VHEb5sWp9JzRgp1RrbCdVNNwL2L3jS2NZW5D3VKo8oYcN9f5+1kk5hEjOU2rcdcwrBsjIbyLyr6M0trb/APG78XorJdGoQDYCMAJrZ7whvok5Ktpv3pGti4cg9FT2Wgx7LcknmrXBw+IAKwfi6o2ujCfstV/BU/JWEY6/yyPDH34GfQKpUdTNxH4uSuPLsqgnK3jK4LwZ0TNso7r7S1sVKZ8r+6bVq0t0HHhtOiZVq5dZCAwhH5JrqmiqUNn93sjSGlw1f2X+H/Y21S7S5f8AEdv49oOKVJqNd7YvzDeSFa1kxlwVJ3KU7aSOACAizo7khTrRpgp1J4yP5Znxj7iPZbaUQXE+iBVT1EqYdbUQ3Lt05p5GIVOhWIqOv851Qp0xMJp8COypPrNvpMdcW9Srdjtpdy2ShVe3fVHeao9+R/ojseyUy6oeG8FEbU210kwtn7lUqfZOIyLwYUDzQt5BH8tkeOPvJNQU2fqgGuNo7Qh6oyMOwqQaXGoDiEBVDGxnVNpY4Mn1RqHVy6x46IWi6dAdU77TTsqnRtU8J9Ct7U/Zmy0gz8duVAbKoUhqAVRqNM2sgz2TajTxRacKJACdTfj4lwkkfcR4R/JIcsLh+7moWgDJlGxrg36LCY8HknOMW+idWLSWDIu1e7qgH6nicgp8IUq2pRqOpa30zxMTxXqCvSqtmHY+a3bKwNvkZdcUXVWODuUKp+1tuk1XD3bToAriPOSSqrRLW3EsI6IVHtbdGsIiHU6g6J7XxOmke0P5T2+8Fjecud/uhWruda7yNIUgynN5tOEBgOBySmsfUvhTMFAZXRdk0czgII7k8cYadFc+i/Yq1I4d+GFTqVN3TEcRpmb1ealTd/AvsbDDeypstdAHNOuwQm0akXNwuyuJh3KR5ln7jVSPGf5HIUFR9xlCo4zzjkFvqrnvuMAaK90NaOSuC3zIkDTqr3anRA8pypUeG9i6wxIKnF0TbKtc/VW0SXjQi65Op1BDGPOcD9VuNi3JkZcXzH0V217UN51CZTkG3mqfHFOpwVM+U8iuIw8YKkIsk03fVcQuYfxD+LB/hh9xnROfWfDW5tU/ktN3S6le7cwf3lHeMNS7AEW5TaW0UiB+F3VB5PuXhcTZZHC4Isp4iJcVbs20b9+m61z6qvW2vhfW4jdyW7p0TtFVuHEBONR9CnbxBrDDvmmjZTdk8YMoBxyOoQY0tgK7eMx1wv8AC0ftDDruntdH0ThWoutOjagtd/smMvLqgEG7zR/mgCsBTzjRONJoa8axzUH+YQfuLBmeSta7iOrv9ES6Sdc6nuVcWF59YH+qEtZSHMycfmvse0bM/baIEsrM1HqjTFM1YMeiFKCwHy3deiqbuqabfK5zuXp3V/2feP8Aj6fJRXe8g/gE59Uaewfsaq9ww5wan7TttEbHSedKbuJ6eabGmmw2jDW/oVApgE6XTCLa9Cy7mHYP5JwpVazQR5KoFVk/qFfU2RzT8ezOvb/4nKDftW9onHHxtnoQdEx1Sgdnrg8VmW+sINuBPI+N4wfSUatMhruqIgkfzCD7dg1/Ef8AJZOVLNP/AHK/U8yvd4PXU/VB7fxEZuKa5pMqm4ascHfRNtAaCJgI5WHEDnBQFettjTfix4H6IjZm7Q2odTVN0jkQg6vSptefxU+Bw+i91tlaep/Qnn8wU5lR7Wx8B4T/ANh0+WEDqOoKgxCkDVTTi9uhTWuY4fP/ANkIEHwDQS2TqrQ4ohoeWnUk6qP4zRR7U/wVwx/UdAopz/co6qByz/uobimFxRDcwrn5nVYkL4h3QBpOkfC5W0mlo75KxWePRVRtBJvzn6LeubLANfgPVeeLeSG7q02nXqt45wnVw5T1W9a6bsujn/71R3dR7SeKy7n2VkkM0u79+iBcCesLIwoYIWqAaWl09EMrdXszqDle5p1Cw8yMfw1x9nPtx/BTbK4jK7ou07rdsxdl3fop0UAonkpa3Cnga6YVX3IqWYl2pKDg0MpXNyBoOaJdQoCpOpzcE40qPAfK4IB5dTM56IW1Q4jGWlXS2Y5ZUs3pZ2bhNbUlr+2JV4rAZ54hRcHeGPHeu4lzHyQc1xe4HumV6rXW6AByxp/BOPQexPs4Ptj7/CgqTojushSTce3iPDKywNjMHUdLv9EHNywdeZRx5lEdlDoJjonU2mS3WVe2epHNC13Lqogr/dAimGO6olzKe0UW6TnC9247PXPKcL3uO683hgq1ECqWnkUC90+uU4OaSI5I28P5/wACCv7vGPGPbjxH8BhWlxhR7U81qY5poOt8/wD7f6BDZqZmA0/+/RWh4nUlUix0OjiQqa3Dn+i4CFDqQc4cwpcyoM/CpZVplZ8HVaNramohsIUNvbUYeTi7ClhCz4xxEdEIEArhgyjIz/AhBo5ffQVco8IWPvg4g2q+h5ui42Eevteqb0tE/qr8mpOT6ok6nAWkhfNfJS3kg65q94weoX+E2m4cmVEKG2UHUHn6KRkJwLLvVHZKoc2n+Ek4Qz4SnHl8KFF3LRy9DKx4So+8nHg2UT97KhZRUfe2BpUBo79VcC2OhXDUEdFbBu6qyoLlG7AlRYD3CvY4HtzVpC8pWiktUBwu6LClaIdE5zRmFMQhwmOoKyD3VlWkx47hX7OS+jzpnUeimm4HqOiNVl1F/wDTo5fZ6xvpnQzorKpnoUZQDDxaeq3xmUw/hn7w2tJjXxk4aF5qjW9GwYQLhvGfEzhRq0JI+E6/wELH3kBAvcKfQxKBa+i+NceZTUc23sF5rgeyhXarXsoJkKORRFQNM6K8eYZVlThd1UP+q4cqXNB9QsXD5rz/AFRIh/yXG1zPVTTqA+i1iUWOOV3PVaD16IByFZgDKvxNRp1W/wC6FeiNO+VScNUN2LvnCuq5b+iACyNH/eXjPIjqFvqRnr1+fhamvHJF7ueoTmNd5fKnOdTPr9/r93gK6q8gf05XuwZX7i5nVWubC4XR81ErqFqjKyMdUPyW7dh3JTSOOihzYct1V8vKU51M3NnRQSWnusO8JRBGFwy08iFPnATQ8Ob6oGm4GEBz/qauID5eMOEqaeOcFCW4WPB+yti57DbKLTggxHhH3QbE3YWfMfYva3AxlU3kbtp5oOni5j2okBZ06/dQdfCfDUNHUoOqVz8m8lwl7vVSwgHuFw16f/ihDWEoFzabvmjfRwObSjdQfd/ahua27cdLldSqNeOzlZV2eofksqdWqQQo6J9NnnaJKI6oFsShIyEMy3mj1hYeuGoZBXGEf9Vbov8AZcTQVLHkFe7q7xsxardsoFo6hBzH/LwlZbKxPhcSnVD5W6KoWghpM6feNqOm1uTCLrYHREqYVztG6jqsNhkqx0Lz/VXIjogOqgqoJ4miQnYVGjwmc9x44WiDh6FBxGD4SpTHf0NH5KZwVbJUNIJRDmY7FYdUb+aBp7Tw8gcKHtZUP9B0RG5d9FYHEOnSEDfhGmZjsi6hUN3crdVmz31Q3dfh5NK5Spey5/LCttvaDxN5tWjmO6ELHNGoCW1IiVvBAKkKdD+qLYESg9kgFB0iVkZ/RdldTwpdqp1XkVw8LK9IOPQZhA0ajqbh0KFTZ62/bzBcuIQ/mPY3ZlrZwUBzTXPBE6kNTH0XS13hp4Z8RTYbYGY5rNVx9VohvB6IwymZ6iUL6TQD/TC3bVxEEJ1PZ7A8jkm0TiG5CueASArTloghO4iQnlU29olYgRqpjFi95guKkO4h7GCrHc+q2e4Wl10QnlkVGu/D3UDjahvXtbjqic1XBRS2RsHnhZ2NharH7M1pPZe7uHdrl7pu8bzuygysxrCOiig/PZSH75q/xOyOn0Q3LrD8JWKz2DtlEVmit3at5Zp+HRbyiTfyatxtVU7wHmFPJGpS93V69fVR+1NkqMZ8TeJqFX9lbXS2ilH7p7shWbZTfRf0eIX7wRrxaIhgBbEAgq1w4uaFWn8woe0ZC7KRzUcuSIcvKShjK6qeR8NFJbqhiFeCM6qZ9kBgefRbrduDW/Eu6lxC92Fc7Txv+JNa51oJ1W9bxN0AIye6kZKD9oc27kELwt5q5WM4R2W9dlydULjnkjJhoTnnmUd4ywPRaURbNrtVum/HlNqh0OAtIQ3lHA5hUxTN5InC3tYRPlancswiKjrB1W9ZXY9rfh1TKtR3zTdnYMNappvtxDnzCA389YxKuDWmeZyoLAr6N0KKoV9NwCDKp4EHAK6ACvdwgyq23uoIBHdG2nu3fE0L3FbeM7qNq2d1PvCG6cHM6FQ+pZ3Kk0gXTgtUMj5oOcId0RY+HBfaNlFrOxQpba9gH9aLqFOmZ5tQ+zuNSmPw25Vu20n7PUOlyhqw0vgQCiCCI7KColSNSnHUwh4DMLlJRhdFhYyg0n6rhI9niaCtCPQr/mCB0DUTTdeAgKgICa6nkK5oRtIAYhQoDymcaoBwN0ZkKuS7gb2RqNk2ZzyCDaIa8c5QZUj0VRrHhnROFVoeOyutLVZErMprabpjqnbQ7DRgDqqlSwuu0Cfe0NuWYc5vJOEHUGRyRfE2tuKsnFslO3hvDsgpzalPhP5J7P8AukoU6HlMoGPwxAXvHQeiuVlUlc1acrAwdFhy3kQ5cQGFJUD8kDBCyVa2oFl4KgtDgi/ZXmm7poFutro3x+JA7NUt6sPNQaRL+k5Us+bTqnVdkduqg1jmvsu2AB+hnmr6A3Ycqj6ez7+m75QgKmx2jnDsoPtkd1a0QETSh3Yp2/YBUjXot42d331Wq4XwrhK6K1HTw1nxI/z8JY4r30oFp8bSoUxKyIWQCixzB8k77LkdCnsgtnMnqqlakWsJ5xhVDW949h0hOqBpF/JGvc1t2Nclb2rcXHQIVGCJGi4y1p6I7t8EaoB5LmgckXOdkmA1cIhSfMsntBdomsL4aI0TqdN8N1BUvIqD/NNp8IY9pB7quaRw6mbB3QLhaWxMq1zbTPDCO8dvKnUqXGCBGqNNpuz5uq4RlXyZRBz6qdCgXf8A9UFS6J5KZCDCFhbukMnmpIk+q4GZWqyFFO4woDyF+F/yUVNkDxzwofs1SmP7F7yr6CoII+aDqdQbRTnyk8Q9CsPE9Dgo1WGypqvs23xdoxyzkQqgYMB2iBLwByHjhbs6ojhyomU1nxd0Cp+WFqCF2Uz4R4YHPJhaYWqBaVFU5UtMhNbdELUqGOwNfHHhxtaUQxzm+iqVHi8u5jKlnuqkdIlNkAu5QjTr0nOHxBANDnW8ipDSxXB+oVzhAU+GE6pTi5xnT6qarr3O4gQoa6RdMleU9JJTmkAFhCILOEcuy3mykPa7zKiZLuAORsiQZkoUg09SVBUmCVUODb1TjHPwgOJjJhAHJXLOAoEStbU3JuGpRe+VOFddAKGpOkIOLcKYELICwtfoiKVA9p5prXtpupluQRooDDSqdWaIDaqRq0/iGq4ajazeQdhwTalJsOYZd2QePNHEE6o1nGExuQGzI7JtRuhHhMElGtDgPhRmmGu76leUyOyBhQ6ZWZx2UD5qNFIXNGGmV1RKnRdkFg5WCT80ytz5glTMqu0ag9PDPjjwzkriaPmvLHcKWOj1UuqsnsEZyI6oi60fVBj69QL3VefVOFSk4DkhFMy7mg90EO07J7W4BQvm5mDC4tmvtJypDG0nEZKBvJqnODJXDLC3DXTzKuDyz0bcgQaocTkWQuFuFcYRfaAQngSM/JSxo6yEGpoH1WgkoDUp+iYGiTKDTdI1UZwmyRaOuiFKmE2o4LdtW54i/wDpRcH4KDKhtbrqubv71oAOy4eato0M9U2aQ9CjUOzvoPPNh/yW6r1B66Jv2e07O50kgpzYmQnAttzCbRDhMf8AiF1HXxLmlzSmvteXDmU4Pn6ow8+pUE2yptLlkR1Vsm081pHzQboFjCxosBAELnCjI8bc2ozPEdSrmm4dkVPsXFe7Ajwzjw0C5ALI8CyoJBTmTwHRNa2KjfN6Isg4EuzyTqe+JkzdKLaD3BnPuhl1Ufh5yt6TNJhyIiEKT6tw3oc0QiDU5TquBpcVO7IHZcTSBzRpHyHLVByZRkCUbeRTZMuPZWtBCtBgfqiChaWgnmV8kWQB6oko8IPqFoiR5nLeVDeXZyFnTmr+QUNiVftTuHlBRG5ZPbmrW7MSZ6IHdROigUdU3fUywrdXz0XEZTtqbMsBRafLqcar3zmt6AYWCoRbi5RVdPzQcW1C13TQIOpGJHMoTIzyQeMiMotaXyOqN35ICCuEhdVDpEr9V05I55QsaKSsc1xBQuB0Li16qHleeVhw8NFDWgIT4GQFcNFGV2RF0dEWuiQiYwmECbenRU6zCbuYPPshVp4Y/Rp1atF7sWx/Un06rKdxHTzJwpud6INzH6KadHhRtaxolCWCeyBLUCjZiVnkUDiP1WvyWUX6dyhUc+1rVhXuIVgYYWIu5ouc4D5qGy5o5oNaIXYLc0hLuQaEK1Yk9rdFJdjoUWa/JRSYAFxCVaSWnug2ozeDVbzZppVREDkU3BnnhO2cky5qc2oCCCm7ysKbRhAU3hw6qJRRpmpct42lJbmRqgzyNd1QcwtqdFh3qNUOJvYoVTVAUbOLu5XExz+zUIpwe+qJV0XAowIEaImOatB7qQdcei0wVjRd1qtfDBysZU3H6LMH5q5sj5riaqt+SMhSDg5QaG4KB18CFAT7tU4me2dEbKP4eA/LVC5twIA82CrqrDk6wrsC3BzquJueqsvkK5wlRY1qkc1oodUaPmpGe6iEeXgATMc+SnkoAQkoSo5IMEAICOJ2qt0C/qPZAFbtnmRc5vEealzo7QjxEhNdabXGJRNUXFQKbY9Fcacjl2QNGuQPhcmyIcxSPmEX06cluQpwKvNumVbyKad9VtHIOQcXkzzj9UW7t0xyRe98PcfKVyWaJI7LhJsGCpFJ88+QXE7HNqFN7nWdivK70vU0g4fNW1HtHzV1GpdH9SF2PmjGqOceqmREIsOJQN2i4TiV/S7qgfwq3Pz8Oq1UcgrHQD8StdyXZevJTGFbeLvVN3jgJ0k6q5FrMnqsNBJVtRuPVFrqTXD0V1LToqmzutAm5ADyzoiwC5ruvJckAmDQR0U6rgZlQXlrOy8snqUbiAhaTJRqU2nCi0iNU2nkAOVgInmoOg5dVe5pjsmvrOgu/CpbosaBOJJRIb80JOAj6J18ZWMlEvloQvaCe6YwtwNEBoStFGoQdhq0KnZzTJ6Fy49kYW9qgW9bds1cFNLqpbXGrm6Fe9rkjsuGvUaVDK+8Z/Vlb6DfrrAWDKgw71UMbA7I5gcldi3TC46lg6IPZUc0/VPY52equqPk6klAsxzlWucLQQcYW83vmMHsuHPVsq8ux+qdLeA6dlOdcKBgz9U0chlcQwhyOuqtlRUdCgaoDJzlXM1GUHN+ASgOSFQckQSc6IucS0nUtQt8wze5S6lcf7p/JBtNrbhqYWVrJXGYPROeCN5GGK99UtI/C1q4jnqAuq0UrJXVcXC1W4gc1u6OBpKDATqrqhuPJZADVgAripgnsFvaV2BKc6IHJbunbPVS5xcuJpaNEAPogzmVu26BSiSj4BrnRGsq1r7R1QZUe+se3JXmm9x7lCynTa0dVYIaeyzJ9VxYCwuFXH813C4qpiVH+aJa+5p5Fe8NsfmrHZWkgK2cjKPFq5Nty265DGeqFJkAxieaJt4m/mFPVWjVNc6XOdp3Ut4OqG4e+xw4jpK3BqC1uJnMLSGosa4BuslNe4i3H6K9q43x0UE+Fro+aD61RseqIpvYbNcqo055QuMi3X0WislvFqoboO6DmNlrNSouMK3Gqzy7Izlc/Hn7WMqFZzKjmU3ALxzUnkt1S8qi7VRzQgefVdlc5bul9VEthNYBkrjqGOyNlRsJxFFxY06/5ohzSPXwnw0WMeGpU4+amfHPJDKGRcPzUQsK5xQkmfVB1Kpc3oUxzCHJ1ZrLi3kDCBZ5h5p/RPoyN4OQQ4guNzcfmnHEwgWiJQeXQJg9QFOzvLm8ruSk7tg6lOe2i1lQ4No1RNW6epXdfNHLjyVrnZdqIlOpOYDPMs1CnydAnWQXDlPEt219rgfxYVtUFp5ShUbE9k6oG8H0VOoG+6rHgcNAeiqU5AbbFvdSOfNW1HG/lhEvfMlea70TncDC06rhL56xhZh3hrKHC5fuz9VDDB6FcvBshPrU7bWeYcwoMoqUGzCy8EjuiBiUL9UVdzQbUHE3KLjorKc2ovWF9pqMhpHD4FlAg1jgdkN5VJ5xOqLKNMuW82x5H9IRDNot7ao7hry2dXLjbHthXeIvy+NV+nhCimxxbpKgSwHsnVCJNs5ajEGfyWmuZWoWdFxOM9eqyoLW6RleVzmxhb5zPdXRKeKDaTZN2J1W6qvYSTl5EY6dk7a9hs3bQLqRdJb1XuxadEYMnqFU/eXDEjLVG01N2TpaNUHU9ptL9A9q/C4noVvnfu6cYf5nei/xhNO1kAuZov8ADV6FfHTi+ita2yNVawxOdNU5hcM+aSrRXdcRo0Ylbt9Rhd0bmFdXc25xGJyAiGUqriDyetSFlYCgR44K7obzhGkoOOR2RIdLuitZlp1HVCwZUVNFATHVH2A817qrwkLWSj1UI16o8vJAiPmt20+qL3+ZdFe/yhAAYRcZ0RdxOKzTePkjvHsDiZiUQyoxqNlQA/iMZK3FeLDo6FkBOp8h7Nx16K4QOvzUH2IOvhplZJ9EKVO5xP5IbKx3E7GeiwEyo1xLHeX15hZCMad0YgxqstJJ6FWUaFINgSSzlCiiN21jQNdT1VrquGj8ZgItcbc9JWriP7E6m243dP8ARFsMYRjDFuxSLjMkzAUUWGkJu4GresbUcJ55lS4B1Ufopr1Yc4cIZyytwdl3jB5QXTELj2aoKg5ThGtYBnTug4kf2ppdxR8SNR9tzumF710COSnU9yiQNdPRCC35LEKV2Oiys+xopQJp0+HssmJUVaYu6o50XkyRqhOh5o2uOdV5VPVNfUdnr8Kqbp4NvyV2SeqJUJt2hXDUwracFQ5/yTd5HyWHl7ehRe0Bp7BFpcXNQerrSS104UHkEA3pMKU4GA08ucrljsjER4NBEt8pRLIB/JQsLmiT4FzSU1l0SeaxDnFNc4VGuHmKIbSNQQRBf+a37KlJoDvJUMGRzVtRsH4lDjDeoQvlveVcHhrRm5yA2c75781DbFoRhlVv5pxpcXaCESd3Sjm9wR2WaLz8VNxwuAND/TkjtDjwn8RxKxUELPG6OSqNNd9Kmc26p1mrgWuxiFuw5wacrBIJWZQC4UDWa8MUb2oBHNqmk4VI6LQj1WZWF0QgoC2D7Wq1QEMECMNWUCVGY8NV18MD5oS4lQVA8OOHAaBb5rKcDJgpu8cKbnag6wpFW/vav3ZPcFa015pnojkwAnO7oDPVPpvwCFUZstNvEdXZRNYk1CpHLVBa2ocWvbxLqZGNBKu3N3dplC5hbPVMlw4u6kEh3MeF1Uu9GhH3DgOWVcxlzI8rlOOuqOUAdECKwMd0C59KFAJuBwvO6dJRuu+SlrYPW5Qap7YWXvnnlfmpYJKbRe4wzNvILuszC0lcTs8gPDXxxiOiDabn3HQBaPuOVjHeFNSnc5C6nj0C4cevsw0ymPLQLvDRXjB6KLSUJcPmoZTDkGVWa9CsFRC7rC1KKnkvN+SxKu0XMFboVCTzKvGvddlj5KGgl/bVW1abZPM4RpWQCshbsbtgYPxnJTqLbByvYcFXN1WIdU69FO/ayq12Wk/ojNZoE4J5rFxCu3bK2MtcgXfquv8Aa4L3Q4x+SltGqS3zADCFKm1rHAcXxfJSPVXOjHM+HFKFgAUFHW5DGV74lreoTtop1XFnOBn6LBn5eEBvz0Rue1AcPyUIU4W8DSw800teYu00TagoNq9XFPrbNUNNwE2uOFgrVQfHimfCZV7TlcdRx7IyT4SoxHtBtrHQi4wshGDA9FDmhQWhCmxoHNTUPlXu/os4PRZ8NPDooGVdYQE2pvSCr+FwHhaBK1UZ7L3Di2mB5oElDJPqol/zXvntYB21THbPoRkFeSWxovx0+2qtZUqieyLbXO6yVFOmWM7lCps9QEaEFOpVGwR8CGHEkThWutKvYeJYNnorjx+qkvcQeqxlTr4TClZMIgiXBR+JXAwpNrj6LEFNF5PZEVam6gYMTlObTqUqlYeQ3YVlRnFr6oj90OvNfYi5px+Ik/JGOX6ogYuWfYyp6KC6fVaj2oXE0hTGFMFR7GVhFzyrWFXM2eH8ySiXwt2IasAA9eah5LndSoUQuJ0dk2kxsxqU7Zq1K4ajHJOrbMyGDWQnU7NeiDarYeOyhlwd6KCQ3uUQx90IuJAXlB7oh5KDS6x86otO2n6ojfOnuoqPQbRqVd7znMq2Z9Gq6y1w7L3eepQBJhPbUJ3bv1VR1JstfqHo1A62eQUua9xXlDAsTChjbkd46FeHtgol9YShoORQq1H8KhjgfRcEx3QcThEggypAx4HusIbx0N5o/Z6xdU5Kbj9VmD6q7zH9FxGViEblotfGPY09jmF1Vh0UaqWY8NYWs+Egyg2HD2spoDGg9lLno8aliDokhbvhDekLk30UhGVqpjwwtFICgjwkOJPdSDB6+HGDHZZ2Yx2flHdzb38M+z7oj6K6q8uK3TKzgzouOo4/PwgkkezBPt8lqtY8PMAuJyw5G5Yz4aLKy5eYwuE4TX3ebxdcSHcu/s8blha+Ba9wRg49q5sLidHp4afcZXCuJeVaQVgKHD7/AIisfc4/i4XDgLzrzKXOn2Z+61WPYwoWVK0yo5ePCJUEeGv38ytfau8JiVwtjxDYysf9Qf/EACcQAQACAgICAgEFAQEBAAAAAAEAESExQVFhcRCBkaGxwdHw4fEg/9oACAEBAAE/IYHMzYKLlMYIKfhpObjlnUxvHWFYyHAQZLgxAQEOfiTUyKzFxNJmC5wMNxlJVS4oPximUqPwRJtGHwXLBUH4OGIcs1n/AOFdxUzLEr4GOH5ipIzQy8+KzNf/AI6SWR+QQWfHAi4pxMvkIfAMyqiIwwAOyW8ZfGBxxmWZV1NWQy06BLphqajuB1neMVLEYI/Fy5cuOpcv4PgF8ojCRKYRR3L3xCHwZyTaHFy58TCZI85nComRcwl2QxGV8PwnwMSmYUWXcgxS3wyJZmMFehEjpm8hm0BGtfE4yK3OKzBgQMzC4EFLYSNgZvlSms6k2/8Aiv8A4dfJqG44WfiiXLqLGHwQxFQTSEBYNQgr4OjFfyhBmPxCVEhKlSzUWDMEpDUyiR+JpSlIp7xMImUXCG1U74RzPUasx1AZ8LnlU6rCXHzw2zU12U0QUj4VKlfConzUJz8ZzKZU4lXE+KlS3zMNs04jFTHUYYrJMPwMcuhRj8l1KQL+WG4iLfEsX8KjGUwRHclG804zcyrAm8Yy3mUxjFwqNw03MGIjzDMtxhOCiEm9lwhQZKGph+IcKJCtG2PFgZLhgXB/AhawNt1US8LHP7Ri06AJlYQBvZGJdFLB9yzOEcOJqR8g3EhhwK+GMJZ2G80CKXcGGmEhFQcx+KSVLSgblyDMERIpIH/wB18FmT4qCZSiLmC5VRhuEBUog7lsA1AWGIAB8oge82jiZpQRIvgwQwBKOktXzHRwsAMQXGY4S/IEtFMksXK7QrjM/uRXtZ4XfDhaZzyejIRLKq9Qb6RUFzeixX3GVSuXUet/+TAx8NoOr5ieCW9kv1E6MerXjUVHfhsmeQlC2KzSHeZT1/YLq/aOKJ2NfZMX8DRyTfh7jHMb1o/1IRD7pS4VKZK1NiVoncGXqcyvk2UJjuEEBcwS/IqmDOT4EqO5p8BJWPnMiN3Ea+A/JSS8Qo7zaMxWkYLm0CO6BQRRNrthDNOQjcypDxlxL6ixlfwjhlUhBuGAKAztEbXohYTMu/rFSl4vd9niW5Odu33xGrae7P7JStoX906/7GqqntOLYTgGR2n3Kf8AY1wRZusLHLxUfJZKXrU4EFpfxAbGDx7mSdzXPioWx8FcZ4mE0UiHxbfOS9HKu4fDlLtvvUrEzzKAQuWDErPyLiluGLwuXShymPEUIuSFD43cJuYSlRf/AIGstm3wHcSBb8my0QMyPiKhe8NQxiyVXwmYfiE63DhLwobZhhHVKm+IMfDNOC4vKK4wYIBzcSXQ4Tn1Fm0pU/CGLet+pcgsNA39OoHUGx5/mIHAunFe6fuJCAoyvX1GK0oUx+5+SZq9xTgMX9j9JUem8MX/AImOjIOM8QtnTuMd+MSiliaxk3MLjNvepTQ1ZN+YG1pdPnqG2mDXP/ZgNbGA/llTNI7KEiwShwqbSSvzll/BKpSyECESFMyamC46amsEKj4olsOYCHL8BzF8F/HtFUVn4BtEV8AoXcVIhtSqkxJXn4M0WJZr4SxSFSyOuGd/CSLKlXwdzDMLlgtj9EYtms4r+2UN8tcD6S/xEq52i3/zuZVTBeDgVKGTQjZ7OpY0RpbKvE4QQLVbe2CsrboD6evMEu2Hvh+Jd1Q9Ju301FClotMopYQiwDRhjVHAs4TKy/iFUbO0qphKZA3n1BNC0iA/aYsFbuZ2AUf7If8AxEQ0okBdJauB8E4m81+D4MyIJ4lESOZzFfB3BZMR8IWTKKsZZTZdfEmLYlsBGIZJ0pgxE3L8fBuj4FQMV7MepRiDMxnRi3GbMRUFMNMQ2G6/DFNPxSo9SxoFgvK8R9Q7nLQpxRUtRWA3aZ9m49mKDqwXb6LfBKrh5tJpr9pnCmbDBRB5flwzX67hEDFa8Im+KYX/AOBBaTnWdMzChCzFczPgDtER13PDKLBiL5ncrNqgiVaTlC/mXpV4G/f+puHwF/Dp8FEM4cVLIyiNZyl3GZ/BguHOZYhLJDTOSUS8mnwKpk5QFRLhH3DVUwXErHxM0F5+JIe4EtGNRU2hiXNSohncxtG2hBcwBMlkufgtjuVy4qFuXw1pM+VzHnCj5jghXDJW7hTp17oShHulRinvwxthp+Vb9tFQazeMMYfWIhNaZX5qYNOV81DhP1S22WcEfU4I4x+8UZ6lvQZb2UMcU4U+ol5nyZz7nJjYcMZPWhz6jCfiNPP4cHfyqE2+Lgx0wth5x8SLK+JQ7+EmEYS2Csxb+A5+NsdRXEi0azA2EJWwbJSEylYwIMwQ28Qi0Dq5uXFqSPBLR3DHqhPZgKfB1ERiuaGJKigiuqMviJotBcYqxe/UsOOrdviINMKz/wAl5hsvodtMDNcWbLNfvEJWBt0whYPLxKZxEYcr/wCzXgaeDojoDK31KmmgXtfFdzMzlfWGDuWqNvIfk6lccY4XAAiyo5mAVNDylafQ6fglwjYoEy18VYxLFVQ4ui5OkJUNzZMYxTOaTNlr+CxZmdiYyg/HuKFIuELUmUZDimkGCkusNLuYLVSiM9VFGYqmVpRKjblEoxLzDBJkyoIRyFtAWr4ht3HwvwQjNq2o5P8AE64u/cbLKxtVZMb4i4mAawrSka8/mGhvXge6OcRnik0KuuYvdXzDUeMwx2Dn1zLSWhfZbjnEoGcdZ5W9R1QJAtWtHnzxEUpWrw4HmB5mcDdZGJUrJr1NFQGlmsrvwS2K1Z9NlUJN8J3/APAq0P4bx6r4O5gRZfjK4PnImn4nHzcvgqBUbZm6VGYTPcNSF1N2IFjRTXxYwmxiaJ+qUqzDMNmQKyZhIPyw0oiR7jSDTGtfHwQg5liF7osv7OPsj4TUugH3zHARtrM5Aq5eJkGMqk28+rj5XVDtdj34gERcLiav7zGUcjUM1Ue4OLy+YmF2qZwTvVGH8y/EAz+P3iLw36o6r+EpTnkr8HcsCOa44gnVK1jxzKlN5omlmUbKA2CQXWjQaUItBU0phPghuIEbGpvMFzCEZQB3DpUwZSsQK1NJUzSJDBMEJpDjwQQhAcpTaptKwCriJduJvMsiiWZg1FvcKNwHMAJdmeVQuGIWLJaPURARCCal9S44RZl0GL72p+hzEdGoZWCMVIE9vU4zo/8AxCEtodn1zXmWCSMfeXnpOepZpw8P0hFUHcTSni5d+3EpBavA8KY9EhLvw0UemCa/0afRumM1odwy2Sc4zqN1Aco0Yugu4WHcWMRgerMN8SxFFgXcV223NfsQ+XmYUpiOaQoHICNHRiDMfKUKiDcqFQ2yuaTCo3nE5yYzPMi5vUNZbPg1qYMUEvNFlRj43AbPipUMwWWxvMczipMY0SCzgyupEGJ8apk+BPnVX6WC14A5713B88dUj4V0/UK+XXPkmIMLVs54Jawai9x44DxLNN9sQCgrKV/tSwoyvPmFik3K8HGPErmU79/3Lp7p5ic/+Q6Ntk15afJGQ4V9MO4pNLXIuu4N109QY/iEGljjPiGTaE/RGfDQeHgfDAoIe313HbhZtlH1r8SqxDcQRxvgFJ8LVfi5ifUQQOpcqepuvUaJSsIGJUEEEcNSiL40XKsX42iMiEVePiLFyx8Fsg4ZY5hMwgREN/DBxuVItwJucEQwYRk+MwUEH18QjwjVrRQVvgessq6HUY8HH7s+8QagcaER4i0d+4QaZnSFqFCSphZm2ZK5Heo3qZXc6TDiWZ7BjfQH+5gCY1W2XVCqtXK6yD5xGLp3Nn2Y9y9cW76fbzKowAHQJqSZYocXZ4go9K60yhfJVv8A9lBhaYzk+4BRCZUU9mH/AGYiPabRRvBmLJOxCbj1EZqjeeWqvMFhhiWXM4qS6Gz4wvL4CckMKuOVsr8Vs+svKnMKMvJcylEQ76mcyQV1M1KSZhf4n4LdmYzEmVlqxG0sKleEtJgv4qKaMIYYmC6NX2wGy+Ij+IcrgASojXNtQJawv0RWycqax1E6YZPqEVN5fc34ePMzCNHPEp0umDDvPTGFmhrYhtPEKOBA4T9SFKqFwC/bG/Exo1vFv5gliYE/XLfmWLt9t/kg46tefMb25rwsx+WWGi+3O/TABbzBR3gU/DiH12Uav+QK+DlmsqYOeGRGYKZkpjr4lsmB8KDM0JtK0zKM5ipl0DzlqkcCIUZYxYpc5lpEu6ihSO+BeUpO+UZklPkeUusTJl6nTN5M1NEWkYQp1NFES+hy7Y9ESlsPX+/M3pQGB/MM2A8d+u5nyBsM+g3+JbqgifgboubmToxh3M26wprUJTmBsTz1E6ANlvgO4WKGQzODTBXJD+EV4V4X8x9m1T08jApKKAO0DiORSbQZyl85gKsmWS3xpluYOj8wKBlm3h+YWw3lq+ldOeNkaQxoB6dr8niaHagWLydDk/BOZocahUzS+eFs0+5QhdgURVimHwKKKfGl9cv45TWbR5isgxLPiaSIKg3MFoyQWqXxU/iuHybEuKsualUHEAxhdnUCsxcksLY5pCvwq05JmnBKgxx4oJ+5RZBie48OMUbTltphHrG+nR/m5WZspaw8mj3BWBLqxdW7esTwrCX3tM5poUxpF/zfiWVw1r0rfMzZefpLcXxcrl3DEByV+jnE26Tsl+nCER9QOZ6B+sOIpVgzvVwkhBut5EyXxUbLVMwORqHikIH2gHJyNc+r9TGmtgWcUgx1z3KoT9Ytj2XxF2yv6Efp+oE7Wun0G37rxHUHRsqduT6fqKoUWDs6zPseps8svHwckRqstHMEojV1z1LRpHYqm/4SCA1MpjGc0+FYmENcsjdIgcxrm01vi6vhMBExMhLXJ8YbBDGV3jEeWYCEbtlvMxfgVZgtmG5R+FjGcLPgBm4QRSqjZoLXFEqFxeC/Z4779R2Oro2e+CHUq9hWF7dwFVaNuUjk9zGz319EGhu9QUBbfE7ol5G4jHJedq/MEautBeX9WDdnfqVl+xgXLceUUa4/RjySkGpa7cB0PZrqHPqj9ZIv8EVVca6+hQP+yc2EyvlUVeb+BHKibMj6iZQlycRr5Fd/mNOT9VcJ1AuLgq37Yo53KoP3dQ1r9ytYoAhCOq3VsHuQofT1OQUkdR+Aqi8l4TBiYMqIr+K+IihL9x5dS9VKmZTACBRZLCozYJfVTD8D9pMxLTHqOD8a2kRMaVKrnMsw7+KM5ZF18mYQlxh8WIq4WNRMa/7H1mW+V2il9HB+sqWW8YDyUUvHa8Rc9qjt8vnxLS2Fb9p+ZzU2V3MzAvuFtdEDNcV0ifcvkWFP/CUq9lr9oFqn52mn039EIqvFm3Y8O0+9zciVN8Xc2YvPUDI37gkbCi+pyexs7nGiWPye38oDIroDTK/3IdyCn7A5foyyAbYMu5jpVZ7ntxQLMJVcjDb+YazGj1KXpVcJ/DKvYJ+kLFrNX7uUKElEC8w3KpmsS4owZYyGBBgpQR8IDlEHHwEhepSzCsDbUrcEz8IYhCtJXR1DBqcTJ8QAzlRDcFFMD4SSZyQt8G+YqEEyyLWHsWQJbTBfHrqaMLYChlaIJGjJd9D+/wBxcAev94gUrMSwq+CBU+TMwiuDP3nqUBhRyjKeMPUyyPBqlyeGVrl2J5GJRsRAavhr95a5NGaeanMoFazhi6ysHP8AZK8oabH9RUZEjWGT1qZ63AyL0zGSCnn/AHqHKCVl/jcONS3dR5UOOombpNjQ/E7mqEfhqV8EwIPrJ+ZgFfCWOI3yIiiNsCJWpXuajCcyUzH4O9EYPMGF1AtzDbMx6m8lCw4fqJdsuIZsvwpSvhCbmDEQJRmGUpaAjuRLuUgPgG//AIYmxmBUR0jDNkas+iVQOh4Pv+owXrg4I2czCOAwRTCDbHM6/g2Dku3dNFREbV2aeD1A4Dk+c1G7RVNuErkhHTCKUxB2Ko4D98RtCRLGh3hpPOY+hrNq3pCf9T/hmEyiXV6/EzVRQFK+xmRWewaPnqGHNnM+pUFtVCz/AJMuWl3qbf8AJBlD4YL0X+u4ZQzYMvOczCtRBbLK7lq6P3NqhzLBKfhdz4WVCUQounahqNIvg0JtjfmUcqM1MXBMZfSmcaJcJkjjIiEiCJufRvhexLGWwoVHeYsy4w0eIsuXLnsIfWHFzNcIrEiDFSrmyvi9TTXjzKA8zLff3KVWi84rJ/Zgvl75zZ+FBlQOsG6/WClEVDF9/wC7naAdju3huYld3SJnuOGEGl+/7mAR7A91KzHi2moGBUmy5UBuWyL2T3mNxTVmv6jTZaqce0zwgwnWWgK1zPTKhHQQ/iMQrNNWP6TUK2YwtMKDPxj1XFzvepXIl52QMZZ8C8MR/IqXag1Gk4l7WWsd/EbhAibZeLmOgO0WPzK8INAlU2DZcvBlloKfHT/5XUfkL1G5VAcxLIbpY23LNf8AdYajOIh2Myb+Lmrf4f8Av7RgtQJ7/wDUDFtHuOH1b+WWacN96Mv1qd9yStHGRXHcM/FNkB88MYTI314houVppf8AYxLMpOFY1xeyaPFZFeb6gZRIdV1pV+sukymsurqiXtD1Bw8R6CZ71FvcsrNPiaY2JX+GYNCU2C68xcl/Dd8y+efx6Qa1KIRS5eaVmyOpYzmf9RmBygobaiw6GZ5sYypubmX4BNkp8zvSi8VRcRJGScQoicRmphumI5pfRiGWX/8AQy7heItBbD6CtY4mXTs/5UcH003KANerS/wbVCo9BhkdzUjs1qMQInihucxbcGZ8D1EstXqODfroiRtQD7caZprr9I3U31UC43GBXoMTje1VzEArprH8ymBrPMIUJkLpsr94J6o/ZjgY6S+x14ZY8Gza6SXBdzTJ+yy/jAr5/nDKHC6+TyRKpVZGGr10dHr/ANiOcednhjmMkNVjzTuWPAetfAAF8TITUakoIFZWYBaZQ4+Cj1u6GiWw8zZzJfPiM2CAtIHmuoEWzGYL2a+kmKIZKh2nZAhGxUvE6wG8wLxCRgLjhXzBSiELh2RSSRpMWy5cGXLi/C5cGBDYuPcGBWFf1uoAVM61YOb+2T7lMs2JbiL17TmUYOitDzLhWDV8nOI0weeS5jvBy9TKCWtsw0NDiuT/AJKDHlEjyCFWyvv/AOTtfdGW1kGAqyxofs4hvJFtSu7CbjZgXn+Jd2bDg3v8QnKbf6Pr+5qD3xD4MxiX+5gMvI6i9yK2sX1yStjDNup+mMsP7hxW/AlPgw86CG3RI1qEMaFXHmiVpmnMPirZyTCsKHTl12Hj3CAOVY19HfnTuFXBmNwBm49LfG8J0+JQlnh1XUQARGplzeHuVGMad9ss2RUPg2ISKNkTCCLfGNSG5qI+kUJhEWF/+biy5cLuozWTzNQrgWlBEEylL+ky2n737gdM3pIwxrqtLiujYZuarqm9W83BPCwYrjqHAFRL8YPAOXTNvO/POZ0yH3G4qr9kWJHL+s8GYFRwi+pYx9FyxonMoUcDJBzkoXMJuHNTEKPAcTHQUoM1qAaDoMD9zLieH1lPd/xCq8mmCsOxL07Wizae/EMDFyhzYwIpxBRyDkRG0/CguMRK0sZtKIVYlHxYtyJ2MvkZEK65inCXskoXuIVpRcG5mjFFuevM3yTDqNZQfAniaUxaPkM524DTM1x3X54ws8MyVyxVmU60H8xUSMkyD2pG7mbMT7MOWNWJ/eVNhGtJb7rQQAVk2YhaFM0UzLj2GREQri/8xEsF2IXE/KOa/EC51VjgrO+tJEJjyQsLLqEENNqz+ksxP21BjVhiFRDvpfE9hQNZmOWHDUp2pGKc5lgYrxiJQuhWvTKRl5xiBIbPvAbWnVYgJva3mkaarTDzFNecZoY5Y4i1r6lri4U/R/iZUC1bd9QwvK6CCYfuUtEcBTzqOiqmDYN+pR1+suHSRhpnpgTeMojaRMVkZnVKsMDOBL1CRtnKJhsuukfSzcEAYXEDRvUv0ggjn9FcSmJFUDLQbPC/uWFT6lg8GFfesZOBhRR7pNyFYZe67eFVn4nQjSyuWG2YXhj8KLGF3WIIDkcQVCbJjTF72C5RmLgNxBWbWvzMLUGD83NkJyk0E/NJeTlVu0UwTHLl1GQdZzaM0KWpDBBWCmtMuNSrzacpNPsrD8I+7b0LE4g6Gpz31DK4/boFL8DUXDmVZ/7Kt7vJCWru8JdRW6eeZV4KLG+GPDdn1lBS2SJQDB+otSNLz7gVopwhdP4hFYL9I+Y88y60dMnNf3KscrFh4lUXK81XP8wRUu2kDUaHWa/mY+ldiMuF/iZIuDg/1yiMG0v8yn0XrlqguMlqNQNg6fPqFQhyol8GOAfbKmcmNYBsUyCItQt7jzcAQ2LpTnMqgLpX+8ygXWa5jCvoGYoDXd3oUUExUFoqeWUQ3nMsSBbRqIua53FoWariXW4HbBN4CZZyMLWOQBwy5EpVMySFdvm5eDYsEUMtpvmCOTY91dFw2VYd7TVHniF9A6Q3pPMpWFz0P2epnpRdBn0wkMSw5EQvEGWL1TshYh5YgkvDaijiBlLtM+4nVzpSn/ZrDK1zKeQ5H+cN9ZCChxGIVK1MJv8AqO8o3Q/tLE9nXj0x2bHJVGa5jgtYU4gc0JG68Q+7810vCbxoLnt7+484Mt+i8yisarovw1T+ZesnC0lw3Cg6I0f2peJvbWVdQcnRKa6Vu5zrWicQuVa2jTQK8cS4YrbzjuUuwVZ/vqZA4w2QzpVwVljImqhmroZziV+Rku6jaW9WeFFhljigqsvUYc6htEMFTGhcgs+4ld/qCcg9ln4r+WclK6hg6ikcEvdMslN0uYpgNbrzMn+EJ4cRMdzRfEtfrF3COGtROmUw9EXLsvkxWrRs3KxCOFwqgLB3HKmBHpNEpMYt1QPUJxUIFo+hcG6pBfioXRH24mxBTOsGVmi0T26R+8umqOkx4t3S6l8B9LY8S0/VVovVzCw9XVNqsYXPETLgrpZf9JdALAWYQ3jVtQ3TLeZn/fIP7ZX7MsMjQbiiSJm4qCt54ifg84fqPeXR2h6DlNw+JdaENpGzYhvE4xZ+yKBa3Tk8jHrxoiehJi8Lq3jcHng1Rqj+YoEi0ZhlP2dMf0pvQkDNMYXFvY26+tEJknuX+/E4E1oPqYo0vdntlbe0g5WeRYKRzmP3lC1WtR31dEotD5GohF4bqMilL3KeIDuuZgjkOeGOoMl0Mox5aZjj54YI3Adbn5B0xByp8S7+btA6U9SwobzBC9TQ/LAF8bHMA7WtM7GljuKuiEyBt75IvuqsbeUgBUjWVjBVhra4EgrHkMtoBmoBrth+82NlY4Z5PJXmPLEGkeJijHcIMCotSyC1to6l/wCwBaMTgLmNiNnOSI5C1U1cGuigWIpg8u3/AJYjYAVqy3qdkmeRvmUEtF05h54NBp9QHzITq+YiAwHz1ysJnpjwEz3bfHEVldq2NccuyAxHTsj5Z2LhO4ayDKGgOjcGAxgRWgWecTQrTwz6hA/gx6VANsKriWqYgvjd0zoFGgfUy9Csosz3rsifRlC+vUf9fUeoaND8I8vcYesO7pQfp4mFCLQMX64g8qN5Y/YNn/iNxpxwhuo6IRdHVEtTKjsekDzho/clocPVJUIRsMrGqtiu/NwVX9wZg0wOe/dyvwav9cQMUQC6pSKsLApxGgLPLco0cYu95mBAt5qL13pzmwhr8hBaH0JtCF07iYBDcLtXCDgaJW9DiISC5Luoi/vCUNiZpX6y7fkjUbtJTdznPRD/AGo/lyOp3iVdKLD13KNMqDQPEIOJt19S+xgKNxPJanMECIssPGNuNz7Xg05jX0DpiUQbCPUROS68F4grWbcd4/uBW214f5hoYKvCdpamSDQsZrNwnW9XyMZrgfDGZnIc3fczeBjdHJFF2O1j0DxP0RB7sPEjeCZ4jDhHoh94pP6QoB1WdVvzHSV7c1K+soU1fZmMaUPLE/MLQM8cK2YYO6XLwLOMYIIv42ZeG3RDqHqHFHocp/mg2vpnK8EUEGAUFsvWGSEzfKl+p9z3yWpfUBki4DlNfcpOg0NtcPfuP2+wHJE72wRio5I69fvOCMuKmM54l2cjPH+IvmmjUYRQmGO5fDhLUlAZ1hdai26bAby8lhZiv/ZupfPHM/8AQEyVXnM4oyi2V+J4PL5IscR5CXuojHmKdfaegtCb+e6xKe4GGCtfRe4LcA31MbOpBtRm7Pcb0e2aEXqt7LqAL3YsRgTscb1C6ciqvYgkAaVmcKAF1FBfqR51nPJEKDZAdkA2HGIh4QgviCfAwQFUfaAIKyeDslXL2bE8dYiiq+g/9mMpGOqi06jDjwiIWpZtBOI5a+5vGvqEVFAn8QmBu078HiUGFTFMLiD84lh+DVzEo0uKwzVswzMwYeqgzOxzErsNsHUzbtP0mGlGijUoZkCCIUvRdShaN4lqrOKhhRXn/OJbL73cx7AyEskLjzF2IdtVcQ41wbMVcxdXDz3LtGqu/TzHRsTI79SxkaNT0yrln9Dl1HMjNQ0/aYvjTZTC9FjZzMrHTY8o4jSZUIxxFGZdtlra15dQerO0wYKJOUfiPAY3+Zp9zgR3BpxdzmrKbFX9yphrm0RhVHLncV0UzccTAUVmC0Aq5KzBAOM0YmLbC6/1TV7uyD4L8y0upHSk6Wn4lj8XQQlAYa3LsOjQ/wCQNQBQ9sxYRBczFjFflJtMDXfW0IxZ2owsiuKWQC7ZvkjYJgdGcVTotKaDpAiTV8KY5bbVZUVqdK68Q6hB8lTLgHFYF3UBxwnK/wDccw8YoLT1TUvVstLs+9e4vDAG8t8cUMYB1NhSnIbffbKUYZLGF3rWNTK9Kg13tT1OcgcmJuRjVXC1ASsSwyLVa8pTI5BuJ2DLQ7AMvHuIPAVhXEWXQma4mUoXkMwdcOxczyPFX1CjiDa8PiMlRpBFPkcUcRu4ueR/qIajWmNbWdLNS9KGOOIpd5hk1zU5Kf5eICwnaZMW7IwW3bJSGdNUT3idoEvGOWKlZSbjXfH3NvoktGqrMRxIR6Tai3XUX8zNa7F4gMFlisw4jJm8Qz2x3PVxDKnFNCV+5lwzjgnOQ2GGLYA4r8aIq0QpyQqFWO4gxzr95nGyu+UrSfQMHecXWIrK4Ml1BukFNbr6hAt61r1HQdmZ4I479RLq9xzy+5cj4f8Aai14bKI0KQwq4igtILXMBpmYNVR3MxdMtEaNx+6BrWWN+9+JZXM8kZp/eJePNzEdHkVOIX3UohVH7wGc1ZMkFxop8JLpYdht/EOoZc0T/wCSs53hfOTH4j741mZUmPEvPuunxCzIC2A8UVbf8y5ENrIe9B47jerWarYYa+48NSDLGis8wfAmbTPFms36hlpLk/fAKjQDWA8xxU1u1RcQd1mYQltXb9zF8r1uDWFKrT1FvbsqdkLyQRUcXUolgy5Yyo0+ozBqK4lySPC9MbNKxudJhrTLa8XGMywAYP8AOlgZtKBPJlhlkB/GospBaq3iLQqG9zA3yhqh7Hsg4dGN4PU7pcsOOymdXzF4T6SmEEroguX244zLLBnrmU5S0UfzBCvSp+IGEQar7CF086sDLmvCLVZPUMrjOnt7i0JUWx+8qRrcagqsKSVdgaedfiAVhL7hEAX3YfnmDajoqCVeRCdDUeaxczEZuMdRS5N7lZMoG3J2y2jFdEz3oEB2rhSYBXYkogH6UxVP3pUFJKk054Zvg8lQABcpZooSJJRXEzxvRCHBXcKSNjZUo0Pk8MxdeOKoUGXVQSVG65aJ7m0EtXPGXGCswe09pydeunqXM2emKSrV+3ZAjxrHD/LgeA55UXonGqqqqkUcI83L8J5E08m4wGU7hWVW9RAoR71HfflhBBqVlhdq8C1Tcz1cpSC52SnV2+V6JW1r2fxH3YNkbgPA0hOTgstXEIQceEDMrpz6iRKdNRbjgwNXccEeYIFmGX+9DaymeCYkrzWcNljsCJrDto4nrwYfKOCHcoUKqKyfzMgwMNBlpps4xNU2DZHRaPKv4/8AYQTjTN+ZiZrELIwmK483Ap1xTiIAHck+ps3KopTMqY6qKe5xYJ2B5MbglZAuhE+pdWsY/mONg3qhcvNCBNDjV1p/EILTni2NwJnPER/KKnGXA/uK1Cie1/8ArHHjaEuxByZFMuotWmfcNclODH5i1R+P5lPNjqVzB6I89MWwexLwAdjB2FHcNxkONJka9pLLivpnAJBW4dmI3zMYsOoVLzCJ3sxM+y+cR3AtKKlJKvR4P3Tsglcabu/qUu5aLXEyDlrmFynoijEDKhS1Gf7RFexRrFfvGt/bzHZrLhweR9xvQcQsFY7l1jWbgRSDhMgVp9xw1ZdHE0g8FwmLnWj4jTGmvMTgmXxMVEe3LXiVretblcwL5zliAAOT9iViN1srKyTX1cevb8Z1HVMmCWFc/wBIm50YRG1XS/1Q4zk0FD8oSDTnUqLUrNrilWA6flNudrJmCLGfXbMxrVyGnmaM2asXz4ldmGE2Ka9S2w3Gf9fuWdPFA8GobFWBkPQ/nUsbhk0fmahMvZ9Yl2FmKufbvV+Zj8UDvPH/ACHeTQuz7hx8oRr7md83VV+FlkabwMff8R5RslWv6lJq+n7QqdRgt/mBTrTNi3uEsJajx9RdsGvDuBXVtYTKF2cccXMxiih23cZBFVsvHiUmbsqmpaLVu9e+pbfba9JWWGdRXOnEAK4YqHzA2PB+ZV5l1Wh8wIMtZeIBujDdRpV27IgUWsvwRHKposkry6woVKdRLpRlCFzZlwSNrKiC2X+sZhCqTUTarAuXWTX4g4loSxb4fMMg/Sf7Ma03pH7N/cuWnj95kDcamDJgpQrg6mBZ0WZ6FS41MzJ7ySngPMIssBLltayUTGADhqcZhUbfKy1PfF1HOULDy8yuSG6ELqQrZPcrZXZJhPJuZQSWt6n2EUFDcAO/cNRmtaxBHPkrMuXgyoiaHlncRAH7zYK2uP6lC2ZCvELVWfbLuvkOoJTR+ZcuTuU4yZrZifNdq/zDpCEVN/UrwCnH4u/UM4M6oMwwLmyoZp6MhLh1qFRNNEfEonq+hYwpFDQCpYrpvu9xszBKdv8AkHzWWD+WF5CXdI2QDhgfMyfpgNyqoRgMOJrxE0GGr4l874E8v0YEV2tNr75ZX4rV78QmBwuAd6LeYWTC4Xy9/mKMtl9sv6R6dlOJUxyFBko76jVrS0ONf3LDRxiAUX0umcbRV3HzAaWbsIj0mfib0VqHJtll0INv8QNVtTmFLXJ1MylCb81Bi8eej6lizUrhrshV8wHR+4iYGOL1AZ5HMJZ+4XHCZa15eCWWtjCfLe5bLrC6F1LmwTPGHqC6b+CS7RAhVnniEcA1CtS63rF6l2c+5ZDgy0epdUhMooM6nWmYMZlBGl7xEodVtsNgFy4Yr+qMpBxo8VMm28Qsk5Wp+SD5hknTLJb+5erfqKK9y9g3cmWESN4CsBiFc4TCfgj/AHhCseos5NPuHoNc8D1BB/AlGuObmGxWZ0W82qlbWoUBxA+o4WdZyPsmuGh8+yUCdTdc4GMub5iU8kP7VKAQ6iVUapG6+iYIvyBzb/f6S06Ipwbh8ymEacv6yzxqzxVmpmCnJInYFjuCavfZ9Q3StmJYnJ/0gjUDT4BLzqYNiOQXV6lEK5QDZX+uZkKWGVRbyOUaBg0euY5w6AoPuLINCVyfzOpWPbLPZqWmJ4V7xMcQUBZ9QlaGt3BmpOHC4jDWhd3x+YuY0E3KgsR2aRV01A8+oORcS4xrZ5EsaD00IyyVdsvVYrWLi+6ivbqCMKYq/uB4h7+AIvFy+UtV+ouo7hb4OY/fMtwIcwLcszRR2gh0bCZpXvzHFfoHcy1Cv6FQNGLRMhjUVtF56ELRVbqtws9xacHLGWwwBhiP524u7mJxDuEGgf0qZRAJkyRzXPMsasbvog7xHLLNbmCk+FxWlatxwrl3UpMRb6u5jEbx0EYjgqhWql9xWtLEv3qBy1yIgdyHOaMsUpJmnUpNd/2mP8FJoLTtuXVAK4hI4jTWSyFJQBYh+qJyYaVd1f6zUtexhvjXD2mv9zK7gtXdImyq7MP4l46Cs4GytcfmNtfgwfmGFpXAYZqguhnmDd+lNN1AD3oKrx17jTLJ5Rgaa1LKmTSOuq5/MEXoUk0OwjY4+J/qoCQLTq1zfMYotq+Y/wA3Cb0sa+36wFSMZkbXTcqDNw1amvfnzPwKSZ7kzD+5nuBu8fiZhSmlTdZ1y1xm5i/Qon1ucX4NfqS5hoTC4lcBD8RFy85Y0yu4bS4f/LmO1adYZniMh6s3iDCjwuHuup+hFBqAdcMfueZeeZq0wQOMd2bEr6spqURSn6zMXgwQwS0zZ3KHJUb321HxOVEVawavuLy7asfUaZpxc1UTbC3zKNx1gf2IdR7UtvmOTI55/WJOKOej7ZYLhtp7lgw8EH3XEZlg34iW9yrJ5mSpkXUpYZisG1YhhowwYMADFWNDcdE2A/aUFEFihmyDNHHmXAFpTMs6tmwy6w6g/eCaSCi9+Z/uZvNlblLPsIdQoYYfnqXCCjX7Ead7VxiGTApmBMK8qrsv+JjCorRzvuGl3bRdhxXFAJqIHbQV4+OWcuYV5TZwcC+PvuDEuh9b8zgCL3H/ADiWBxR0Xy9amlitMB6tMsuqG8gh1m/uoptKxYJX7R7uaAmxDhncazOETwoxnP6QRwqwUHdKn8XDxCNe+YsdxtEa3/XEVyRaNvBw85IkqNRUdk3mHjkWLb2xAiKVGcnxfMKrEjWJ2rf6QEXceBwfcNm7fFuYnBS4tmPnFRWtWIQbRgOyvcDVlHFg731V+5YlTNkLIVYTFtPcKXBo+rGYQGs4L/mDaA8zFZLQw30TgSzRVw64s+SeKPMwdLYzB0pdze8tp0nBrwhtWNFykUDolPt9dsQzwq6lHo0fMeojXLMl7RlTWUbZVS7sFWZqKiJvJWtqzcS4cfURGUZxmIZlsMaAkNfcarq/EVzrFTJFjfhPNawpAUfzEfpYAozACXoX4j7tOOoUACsWCCmfUwl4M5Y/EqihHoRHSRkuuUOVTR6vuBcG2dg2HG5pVhWofWKf5zHJ7NP3qNRwTRiEaBuIov8AXmWjsLaW/tMsgUrCuK5mpaouw86gziuR1LRnQWzjkb+5jL46rXr/AGZXjV1a8TyCib4ytwM0ZNwq5WAOY5+HiuJlcuqL0Z4Sse41YBTDW17unJ1MTgDZb25l6Elro7QsxuxhY0gcIL8/icxJsg8YIHW5lrKmswZeDOduVlylOGkYDbDNseGIIwcyv+iWy7Mu53XoItOleIWQfMdI4/Et1w2BqXDVv+0QADelb99xPmK90Xx6lb7w4+5RWSEpMn8xhVMBTz3LgegNkSQ9Re44sXvqZxBWkPMWtSBGFiheQ313CncXTQR7G7ZUjD7ijbEBqepYYj9GbyupVCJqmP0m6VGLFkWdRuNVE9SPfuXSU2Lz3DM5MyoiI+kLlMlSgvkEINvoZqjsLI7HieSDhArYKW+IZbS66gpFFphqGAl1r0O4trGYA9I2T9DPMTDkM3Fgy8JX7RHNQ9IiWDjtrr8xwhew6I7mwjRsxgbNxBy0XGgpKrtjbDneNwh7IVv/AGHHRSOEt0jkmD1zKs/S3k1xWWKbtgcYe7pi42u8y+rx+swbtbI/EYTRqlddQPSMGOey7X+o5Fjgs8QGMTzeIhywq8RhDAXxeiZ74ayPivw/UuXjcu7b/R7lm7w4s6m29i3uIMOP1l/goK9xGYpcU+o2oYtqz1mZxdkwf+zUS8R/ymIbKcXuXeUaEC95mA5NtamL5Jlor1E4RGVmohowacIlW6xP4koFmpb8Qa+KmeUiNBpcHUEbi0NjgeJQFDIyVNB4dQKn0txRYHmGpE4xMhG/DNLM/U0gC0MLFvXJ+0S2mWXjwQLfzUN245f5ldbLwK/WF0YsZX+ZZen4EBFexqU1VMLrG+FGYnDQtO4vwnuQcBEWjzm5kwrAS5UVvzeeZYpsGrdRiblL01EUrbX+uaF4eIekePt9QxpHArSmopK2x4hOUOAt+ZQWLSmD7hXPHuNYa+6/cHFpybJLIxUyU3CLYKjRIEViteY5VlVqgX3cMQxV5/UrBxVhlfMXGcBV53AXvBgB1oloduP7QyudJfrLRcGxGblZvvMTfNonaDGpwzB2JZW6HJAK3i0NwpHHygTUt7MvEX8TmLqJjnMalNzVk1nlfuX9xk1+JkE9rfu5g0d/3RWIOuD7l6nxoQ/udxnYCNavM23iNaMw2vzc4UdMYk6ZtZZLw+plnKpZD0rhlgS/EGgVmhZOmb6isTYbhjQ/QO4lBCzmVdcw0tJ6ZeBkO3EWkY9Smw8I1nb2ZlkjuUpoOLdssJWRhGB9gaa8S1w8kX/7M6wU9VK0qNLZLtYWar34gx7KDao3OUu1jSqeZT2sXleK4CMoA5ZeaeohaB3qcUrBStfxEZ/Smx+6AUn3Y+VEy2ti6dS2BV83ON41W4HyHGKB7h10eLX8ynuErPbG4TKKZq9XvzMyYN37PPMpVXjPj8yq5TJuUunUsoVvVwzZDmp3Q6gxXcVaw0ldlZdDEvZmWqm4ta6i4feokUuLh6zWRJh7ic5XOq/SKJiXk0vvuUZTmhlgcALNYx1LxDMWU/iAXN5gvVzEZ0z6XMXJEBsnajyRDD1zAVQZlMAHCQ2CZhqHnm4fonTPUj4fiZuxOpjiVG2aMZJb3LDLX1P4zEN5uo4hseyBSfVbh/2csFVfcKpwheVzUYXS8pDxkTDE18DDwxYLN8rYvT6FuebAODESpy7YHKsRUzh26ln9HJcVTlKmEU3qyK6rZpyfUp6olrS6JWcq08RW5BfpKs3K2HKS9arjtLuAVwZtg7xR8YW3VX7pjlASitRKuS8mgwdZ2LMpYuRZ71Aby0DP3Gp1UKycS0IwqCq+oVjgIt8QZ0CXkyRACh3+sQ4jxjLepODr59xkgLtW35mfIHcsvM9omoPbCuw33HbC7qpiXEi6GhnDArj3Kqo3JsXcJ49WQy1QJ1yTJRfhG68ha+w9R5GZqewPJMzbKI3SL1yBnXoE658aB4sGWFGOmFQ5JFxgkOjcsrZN3zGjSw0l7iNM3dp3MBd9R0neRKBxnS9sq5AlM2pZm9ozIZvMzxLwTbObDsqEWt3qFeh3UsCcEC6zbDpuC6YDAzYFxK3h0riI0rHbHqCGRpZfqvVKVLeg75/eNUsl1KD7iC0rutlikx2HqWeg6HHuLGG75Saqq5HSESIoVRBNRRa/uNswcW+5y3m9pvI7CBDt3qBljtmtYaV/tDomthtlpMyWmI8hRzxGTVcYlwVqZ1zEixkj6CtQTscDf5YKp5a57siQGvgfVyodfUIrzNZw/uaSiDk+4wPJWs8Q/FWBQIqA8BbOgDVy6RXuVoF6lJLVzczIa/BKFQOX+SCIfLTCRZ0rScaLwdfaM0gm+In64RffmcYPJqAWg1kmVuQYZqPRIsceZQVtUraWxumqaln0g1bs8kcKcljBWE7YgqZvMtedp1RnErhKryiaEfgA+ZW8UgvNTFdzWtxrofRAHP2zL0FrLDzEpmmXvJycRC5U6o/d1BOPs4iQmkGog34ia6qDzbH8JS8swCplH8IIqmMauK0K5htRXeZTOvJF9GruZoI3yRMADqFsQ4GIeHZuKKKSYaX3LMaDwS+LTisp+OiAcIj3WYDEZ5ELCW3Tcdiqu3uMC7zFS/cdTyixRiXorctHG4kMFEtNwrv4WaF92jHyc4Jy/wCA69TI+zgftBHTFsfFTPESsM1BNL1HGJpVfATSqFTPZey5TSi4rhQWpqiIWwHAOOmZDbLtnplhpFvj4luVE5CRy0ZZ6UD4XhLYfxFMDG0hONnhHGpfb8e4q0Cr3lYLlC4aiciQpXWxAFM1FIqnOZVW3mcLusJ7H7mHSOrH4mxZ+SekcM/BVKgGMBBiq2BCkxIwKjFLgCU2hZiOFz6S5JsmW4lQUqoxg/Fu4llw44d9IVazFcKlhLvPwuviYudR/A/ABzMXGWxZuYbuK7h8DuV4mall1xPAg3oisVmcTuFwzym/xa9IwVBBRWwVX7SzJRV3MMwmrLGmUY31AW7gSF2h4m0VNQuuX1ZLdxgvKYVgNwdU7sOIhFhiVtAFKjgaQzpcHX40qxMBDDrM5mUa1MIjLZmXB7mF+K+Lv5FMFQWiJcr5MS6qHaEnQcQowBcrzFjUbYL5TXxZzEpmpUWiF/BZM7J2YreotzSpt/8AByaE0h8WDWak3h8PP/whNf8A4ps+LR8Os0Zv8mqO4Tn5Ix3OPgjGHzzH4Pybm+bfJqcfB3HcN/DqaR+Ah8NZzNT45n//2gAMAwEAAgADAAAAEP3EpzpRMnkzw2rQMmMquFuLjuCncX6quH/u3+NrlLFVoqjD/YDzQicEIYhplCvlk/0VFqZlvAHoTiSjPPOIPNFhJKRU8sooRxySVWISgN/8GEY0iTV9GebNUWXGmAbjlBHDRMsn6M73i4G8aF7F/vswABOMDuTq7rcwY0irXhUUVabINPNBKmi3qHfIThDaFdmkyLXOp65DO5kWJyL+G3w57GYL435t68vhD3zs7920W7euv0Ev01qjl3dz7bylnIM7Pcr4UVWSWC1azvXnb9jGKvsb3o1YX0ZSmmgfoAJcVJ4BOQkCkjfXZiihCHbCDZCzpQX/AOpp+UqcQ2UP6htmd38e/Kymtks2p5drkbpLgJtebrBtFAXkVVUB2JEFMOiOo9BRqq3DzU1DX7AvD3xkuhu5VwyaOqW9X+sWYjEIfCq8Q9xRUzl0gKzFbrrQvfqYrxFDKZmqxJACN601PBJUlDEVRhXpETEP4CZ6msE52BiTRTGczcjch75S/XKoY5c8J0uxPyX+maWP8HtlJT5I/VTu0aCSoaXMOCzY006hH43b4H4KuWcSBTsyJsr6JzK+NCS+FjemuM821DNwGs7e1wyw1rzNIDLNuBQhXRx+yGdF1YuxP/Y3WnTg6PrMo8lGfdw+JNy3v1eCgEcbUTec23dcpk4Q6GdVNtFu96jlzti6ers7T3se6aHc3/qRftBzRcUAhlWgwt1KwyEFvy7DifXpCYQTjSnZ7b1xPrusIBELshJlxD7LB0dcJHIS9kS8pcpkDJ7fB3tBbaqFj7USoCaFnWPfiSu0Wrl49t4jez3lIV44x0A9QiwrAXMJyuWrXuuvZDzYbP1gavy5ySXEdqNWHkIV3fod0ufUzg3JN3d6UKs6I7mS6m+QDFij1XeGMB71GSkUwyn629Xle9PAKNMqK6SlLj0VJDBdsklPHMxjsDc0QWksL4hBgAj752IWlFOZVEwTSPGDbsPF4f6qjNK2YjiGxrYdbNf5/wAeTPhIqIPLnB/PtBVXlbQHPx30bGCx/WO7VbGVOeqP+zkVNLt46Y4oaZvwgOwHw9ohXIb4ZK/+/wAPfnkqmv/EACQRAQEBAQEBAQEBAAEEAwAAAAEAESExEEFRYZEgMHGxgaHh/9oACAEDAQE/EHhJyzkmkGGQXbIGsBctOpdLFZQMID7L/P8AsDkOfD2TTIMLfyz4JmMnL2wd2HmfMs+HSe8gz5mwbaQUbLMAatlwJVIVb9hw8/7B4jybPua/9A5DI9sZMf8Ao8fdj/ZfhdmrHASqw21LXFj+SQx30jhLRWberm6T/wC514Xh/ZQ3uRHGw058IQOxJ8zkPEmPwvJfix1B9DXl+if4uptnNg5JhdFt34WkqrdmwxYcCxcoCB/rS2HGHA2Js7I1bMfnqyPgGbLsmscl5PxICP2zSzfgm9ZMGNzYFZdlcywdsIE+dvoa/Yp24C3mzYD1iOpwD20URwPwayZnzwwNvUWck5st58ch+MyepOS8LTI/CONsdINJA2w9tH4GsMwGQ1twSBkv9TLrBakbBBmjfnLk1lryIYSnuIj5DPmQH5cIusxDIN5ACQZS/lDpONuiRt58wh7t45SyzNAIoIdM4RqmxSGH6tEPI7DObHZea2zGkOyMfI8ty9sA7BM7buSY2nbtMadJ1G3JyHIcn6tnZkkVXLfYF2QpKdS20Wz+eTZA7OjGDxGHZ9nV6jyP5MdJ/hC/BxurbmVW2HGEkPbCQ5PGRb1DvIkNCYPYAwYqwvUbMLAw/ZF0lvFiEJxbyVkLssuyBmDlpycPwFcJB7LVpkxs2MHzWAkew4ZJD+NnwMNcH9ncN/3f/UvH2NcgfLLLBJL7JnSzZOQiekHLxuiYeMnw5PcDNHWCqJvIAYGPS6PmsmLd9+F/sZYTlniPiZkZdyH+2yPzZR2bITIOTp2DljFx+HfgfjAwBGOR72QD+yAkPZRjyUgtkPsh5ZpkGNjJyOSuBaSB8sPZ39+ZcHYceT2TuSoxUdh7soMxZB7BeJiaR02/JI8to+Q4hMLxktrHfmmQPL0CRHs+T2zDI+/25bZGXfLf7fvwjyGtjB9kkfb0+Ac2RkDLsHLhL1n3YiFshJ/FkNX4kEGuE3+EsnwJL6WGSQPz8mdXYuQnPZvBnEhRSQb/ACycvyIXTYSdvKDFsDR7GZAZtmWJsdSc2ffgOSTuxuL9UwPiiev+IMwl6f8AJDMf+EZ4wGycbY08/kDN6f2R6G2n5IuyX5f7Zs/4Y1sTG0v2H8vEPLWxoy0gZhOfDuYoQuOLRMETDByc2lhImsV028wu++WBFAsp98v4seLAuIBx8vacb1KxlzxKM4l6xL2Hzb2TO+RkXSHO/M8wXYGccHwALaZvtvW+Q0XDCGCsutpPUX8s/l18IBDkcw7K/wDN5wv3GXfOkt9hhKhnjPzARRlMLttpkBMSC8WUwRlZxhrVn9L9of4Woj9GNsDyHPLZ5Y9bo7I6MXwupPU7VgHaj+7SHgL1WT6Q9DHDDv8A8RPcyQxjLH589fyASRRgfspJc0WrsWASzhIX52c7AdyQ0QL8AORJ+J7dOox5MKRzvkZyZrLQD2VPxp0iJ+oxlaMB6f8AMJ/CSu//AF//AC5p7PkwzZINQFuxQrkLA/s6h/2IwRpX2/NvUJUtvzlo7bkxEDhO1h0je2yZv6YD5KJsQpAEjVlnI9WULcWfxBMuHZTWJHBigs2x28bwdvdvxLd2YyBZtkPYCcY16wBYe9g/Es0ifGyLS2/o3fb+kqwGdvKQU63qgvC0ekF5llvbkAEny7y4Hi5RyA4sv29CwWfwyEsyNQcgM6OSjmQjk29RhyE2VwtXbgSbwshAFjvbXxmRoqxmnCWQvREDaHTdBAf9j+J01lnxrankf0nWLNl/LTMujH4yJoZDDJHy09g8tQZR+QyaX/gsZ0IDtsa3jyVVv8hXmIVvEVoJ1Iv40iCnQpHjQCUt7Jnw3+wrOWJYndvHtm9hyx2DvJMZspzLMOwrs+IPZtDy/wB2oh0lvfnrkgfsHI/kn9kHIcYeWst/sKZY5M4ltyYS+oEuIZ2H78AZ5bzsKmXTAj+EKoxy/wBoCabG8j+2xrYZ259kPyM/b9vGXZsiAPYa5OsLO+wHqU1shpcLxxhIJjpyw/sryNhcbI4QGBtemDZwh/yM/wBZ9EIgfy1W2OfOwi/Z+5K/tskEEfCehLXbT1tR7PlshtYP2wsBkVsyyA34USX+W6WOQw520/loelp/LP8ALdbh+XJC8hsZILORZl+2sTZP0/Pi5aI/VvbVvxfjHx+DbcZdayGz8Y+78//EACIRAQEBAQEBAQEBAAIDAQAAAAEAESExQRBRYXGRgaHB8P/aAAgBAgEBPxB5O7t4nUyDCcywFWZqaTQG4AkXd2b5M/sK2LfMk5Gx0ky7OWB+ppYE2ST1s3puDJ3bOyxe3GGch5BICfE/UGclhlrBfciyYF5C2WcZcGHm222xN1HkkB+abLsHIGPsMGScthly3kPYdnrHJzJxoNtDkv2d7CEYZkG4YhHZPDy5GLxGPukz2zcM84/+mMOt1fkC45CJt4rWJwSl5HJW5fb6S0lsdgLOzb2QG+ykh9tuIJ1l3J+JVjpke5cPYTsA3Iow4n21y9sGtz5H+W4J/hI3dD+SEnsU4YQCewtZaN6ndsJAeE8WYy38f9jCXbHEv9nIPJOO2m9kEDlgh7bLeO9tocLSUB5cBMdPkAYHfwmg8XQjmk2XogIkDEsg3SPZ4y5Dez5Ls5bSexu9kNhIz5IIRIGHJ16j6QJz8CNtBICz4wG/jgQPRcxyxEeSdtsPkIOQyxW3yPCf7+a2Y4GyLqyVk5eew5JpDsO2T1H0k1uHYG8wCaXI8LJxQiRzhtuww/H+klyW6OTsDyA6IdWButX/APfbUDJ9uAnosJfZ8g6MuQukOzRPTsBhlvYT2BbFlnUAyA2elgYWJrL/ACQTGHYWjjIXk+xNJYEdhxWSLEtwwsI2kExDDCx8mE3kCrJpiEdJ97GkoZH7I3TdOfh43UZoeXiMEe0Ofh/i/pdg9uBCgEgDjBzS4dkawOLFRA2GFziZe/j/AAVwEMdhs/MF38QctzhGiJUvU+xUDNjy7iw4FgSAg8Q5aZ+AVwmWlo7cRh5cSbqFCbfZgi7nhKGzmwPkNrc+SftxgZPwg5HmXDDyQY3Qg+y9y2MBxg0nGGHSWkcJzaXkcfz2RTIIzklcuS5PHJAxIH7KbCzIdjztm9jLlumw7HkPcgQ5ELYdk7J/hMQRy2l2RIybNDDSBG7a38ot2Cy4w46fjbmfhHWQy5ULB/PwTbSw2DCHYi5bxsxEJhDt68/Mpicv7eha8WQwBI4WGojb+oGQBNkAN6l4iQj4/g3dm/4xbmWzLh7cWCbFjv7Ot0hKJx8vGHhZmrpyETdkBCBkGkJSCzAPwTbIPpAGEnYS2QGsXobIWJcgHqbOy5n/ADfOvUycS+pKJwsl5bkL7MDtYjExc/IOnYQg+Q1lm7HdnTyXHPweMgGrrIdZIblpYhNW48o/+pbryxT/ANYbT/tM2iF6XxfbzfY83kg8Y8Vj47Id/wC2ECjpG7+DHZVYN7I8JCdkDlodSumErIctGswofp2Ej7LXO3J0LeP5BuRTPLhK1/qGXJSTxCHOMLb0BJufblsYwdnfC57a4Z0hRvPb1E/0jy6OQFhl7DwMBz8Lo3bhcsQs2Ws8kWZA5AuzJreFZe+SnrIdUf8ASw+sXkQUA8kL0tPVs6HDAOkj/lc+kl9I+p8EgNZdiOSfljnZE9SiPpOIbcleDBGFlqIaBgZPTWR92PZZs2GHG0xoNbmTvBEH+w5t7+Iel0CfwtILIV8f+ZuN0gdPZQZdvJ9kWcHIMsjS/pCrVKchKqOmppk7kreSOEod5IQL+iU3t/pa4ScuLr3yCjsDx7Ges2Gs5k/DZL5KILCzuXYf9QWOv+JMOf8AvaH5GBJlnIcIuFvi75BJYyiwtUntkIA3048zHXDjMBZJBYtGkl+JuYkb5bD6tP8AX50dEiBKR5AC6diznLeXsJZPX0hOqHxqDWvJpTlx8jjs5mQ98/OjrBMC07J8Wv5aPlrJxD32D6hOM0aLuQnBc8CFcS08ibi97J4CQ4ywa27VLmQ+hDDidykW8X+tsbpJm5H/AAXhiyJ/UE9hEnE7YSM9u+sI2EhVOSRyPp+LByVpgGxoWuluZywNi5IYIBx9sBjmWuC33cVO82wcFxwLTpb+MpWH2R/IA5k23LrbpPckH2Tu7CwBkv8AYhgPjPbIwyBeQZlk4fgALBdkG8BlDOpP4sDMPCzzayHEMRZf1mvhABL4gjk5SJSE3ZxmDl7LnCct82cgLv8ALQ7tunIRHYXALD7Jl2TH2MYX+Qf2Cs+ys2A+EJ9nyTthZ/JNlnsaA/A7eAkjAZGzk/yX1fxZ/tg7GL2dfbM9biwzhDgIe99/Em2+LyEfo/4hR5a9XLcZhkKnYh0l5uS/C1YnLqbdueiwmwON1YezgBs8aynUiFhqwE6yB4wKI9us7N2w+y8L7ZZIMF382E+wHyJz8iTlsvJ30g8YOBBeFnbeR7B+38LM9Pz/AM2w4WkrNljH+2ZD+5/tj8ZP6sf7fLv9u/20e2DbDJbrLbssfzeWwwlNAn+BPV9/AsPwgs7Mx+sMMhsfr+F9sv/EACYQAQEAAwACAgICAwEBAQAAAAERACExQVFhcYGRobEQwdHh8PH/2gAIAQEAAT8QEHe3NouYRT4uNNlhWVxHW5xeWYRC5Br6wAUfWOPod4JB8zJaPGSJUHGSKJrWR4n4duOiLr1hQSNLkCgz94IpL5x1vDpiUi4zclMkUAczpSR1kJ2P5wKoOfrGpyeOQUO4AvdtyuSPeBBMs3PbhvuRI4jyzRnj3h0RnnAj7+MdUMsMMmTNpnd4SIeWuIae5ibH5x72ZVlxhUjhuqfeWKesIqNuL/eJEfneOA8Yb+I4sAHC2+cCtXAKbcAU+MtdecLEQZqTK++MyAWmeeWZh2cBC5N16wW5AMBOc49zu4Czxcmh4MYozUcBL6zeDlzobyf2wO5l0uPSeN4K73vHQowcYdqmAGgS7O45RKT8YlmVZjV83uGo8zeM2gus3BdbMHYrv1nmHMgK29TCL8NDg3sL48ZT2YVjQ2mDrcfvGFC+QMQPCxg6T8YX2UxfzibXNxww0wa7dYKeHGl9+7i0e+8dsNsWlzlj9cdO+ZQbpy7frN4Gs3BHJEo46/1jWHGG+Zu+8IlMqzOso1gguAsBrHFHmT73hBhzvzj4PjGwN7uTC7wk22Y7nDCUtpidsd3N47YKGPe3Om8kif4hqXuEG4Sx71jIXxHLm/OEjzHXzgDpcqj5M5h+8kWeeZFZlwWou/cw7RQDD15xtGgdfObi5cYYWsTDBxMdKdxgqCdcldr45i2gZfrE1Nb2YtFqaDGQK3eTV241Zry4U09+sKRnt84KpxqS4gIV9ZQ8Fw4LdYi9MmK5gQ3gOA7HAV946cscry/eLV+cTfGWe+4itxIxotMORcvnTn6ZPnADhOesubO+c1285TwcGiZW3TjqHvEGriQLu4RD1hLxmC3TjWHJhDzhqYQWRxo7xF1iy65/iHxjXjWCvMfcLjL6fGWC73jTIqXGCT9ZovPjJuBmKFdGUBMa4hdOeavgZvi2S/GWFau8MTx7MIpBYXNAqGbeK4IgDXuYtbA7hLDvjgEGzuOneppmsApPdrME6RfrDaBDHGG6YpFF5MbWJ1bMMDVNZYPUuLMgOCxxsx8Zg/RhHgy7zHnM6NxK8/wOoeMDX7w2Ms2YNzFGX/xglTEHJcMbam8ml5h3DGg+sSrjGFx4kJN0wAAKHfjLHrEj88yVTxiIjzlZMXu8sJgAl7zPHyYxMN5kKmEA585PpnIm8u1hprEievNyyirLqebhNvBhh+s20YU3uHxzdzF1EeZrAIHS7xDGi7uEEDR4wKKV949iWS+McEwmw/7jyB8vLlCifOOJ3NJ83Hk0m5gfR1pwhftjGEX1jIkCIPnHw1M0oU7cfs25NM6wvjFq03ea/G734MYNWxT4wXDA8xfx1rKs9vjDZ1IHt9YEmRClAUL5LE6fWLsFmQVIZe9Yl45BJw4FWO01qXmG5bYVjQ3CdQ759YiYEWiF21VQYHlN4Xyyk1AOtdd9GOVICAwhERHuynAwFMp6R2Ku2chvEQatHAsEFr8+sanCKVpj35HeABswnc++OG8cFqhIO7TnHuDI1RYmrsNmveUgIjEemMN5l7nMAfqzHRfjHTcLQO3GSnMLkb1hrHNhRY6wBMfir3WLGj+co8xZYZYO4SC8nMK/GB3fOWH5w8GVWrVxT0cQZ7wQUxuiOAgHZjD3iE41S4S267hQ9+zFbdzxcLbgMoNlO4BaGKZZhXxlkQBLXCtQ+d4FCMeDDXRHDA1qt6415Bwg7ExkVccV0d7iKMd44KCHiZIm2kQ5lCFjfzi1AxBo/rG6CeRySD51kNkePrHLqBrHjo9xWlrXeYL1XPG6BXN6EA8qoBhhnAEiyKTR5Wii7xuhpehKCjDSVSa8ZayEOikR762P6mBRyEfD9T/pkWUUgAKgDTrh2ZEoCCZkWaiLpBVTHJFm8aiJLWui1ykozoCNiJOENDMgXwVABQSCpqmq/GBa0OGeAIl2TRvDlyoAleAKDNb7jgjTW0kOtV1TmOX+wrJoLCVt15JimEgCawbHZp3l6TYQlks99P3iv4wJRfYj734OV8TAcMpA9LD+Fx3vKOjSQJcnCMAAvQy814L+9IN3rF5rhsu8LCGCo8GOL+sZQdJm5rUzd37wRfvJR+sKoFDVyTTLNDNhswFJG5MezGUH1lUZcTY7+MdPeEMARd4dMGbw273imnAlxrz7nNMTDe8YJZlDV5mqNiJ5yAZI/juP4QTFduJ0CDStclhDhcGkrrL/AN82pmqjzrHjMdZJgBPOFyqnAMmR0hOYaR8awwm54xkewwGoz7zlRfjxm/F+cqOhlld1xESRw7IM7hhGnUxuNOIlL/zGcIJBy1QC3PKgCoJjShrAE2EUbB0au3SgDqsu6UjvxQVdLHOTA7VNMQtWg7E13GiaZzQUAdvo5rD5tNQptA4Ai71p8DfhdWuhJfFm/fW2NycURRWlulBwstBAAQGhwDb/APmP7oYqQgbBxer8YwwLoSlN3un6wIJY5tpdxsLvXrAgQKmjQI2sbNfOVDVpEZFa9og+N4XdatCttPdtTQQwKUICJaCTzU/WFbBgIhUASUgrNv1gNsbm2u2DQJpU5i6sI1FOw08QBJPO7g0ulNoT3tH7Gesl3lUUFKu/zzxjTVFu4Q/BjI4dHCL6xgBrmMkDGKNTeHUk+c+qOJL4M6Tsw0j4yVTHxcLx6yVQTJfrDpuzGiY4bxF8GOGKLdVcCScxkPOMNMcdIL84c2S8DDr94UpDNHgpXWOneYkhWzBH6feNaTwuSK1Z53kPZbkgeTWAlA3ifuwmHjLZaNmFouvIesMxLU1mwNKWZQDezB5Hxia8JdYqjUfeFO3sXWVrThjp5hBXpl08mssPExHX3zHEeYMJyYpwFeAMAUlZQVF4YGIihR0mPAxU/CFCiClXoFD7Ao83FznjE1aiSbCjNJLhtgq7EKcG5Ajz4yRHiKkQIUA00SYHH7ASm+ufKPxrGThChTSFsJZd1xpiksQqpR1tOtawx5BO+kAukAA/C+TE0R6EOqp2nPpcPnq0FKqB2ikTjhwS3ikEA3SV3xwYu2PIo34mlbf5yiEQgB0UeENfnG4IJum1BGsBVmSZEgSxvc2bDrxOecBVkO1Uj1CwVV5Q1i2IIDcBpYoNE2GzmHqrdAC8myJ6Zrxh+OcqgCGzaefvEXQh4vcd+f8AG5Hw4OIxi1g9oaxMms1MQI2uKMF/GF9K4VyksxlrCYL2zLNuaAeZCGec3pLhUJhQ5ksDrkx3nMYcxR0bx0/ZgL8mbB+bjhAu8lYubiZShjRC2h5udatdHrKTUMYT14Lnt26YoVnneHCByprxi/PfcAL4cIMb85ATU94oXs1lwU5hz3pcIi6Lpx1IDeqZcibu8NZZhKusEOtY47SOFx2ZXnTKhO5Ajfi5VIXQUfZE4hgbXQSBvC6U2rXnniEiWrrahoF2g8xMEeEFhQxgFdiAUY72u2KZItutWrK7GeMttpCJgK6O4grfvJ1JjBShIIIl6X1jJngOjbaBtDR4x4cAcihWa0s6SQ3cc2pg2ApPUopUsyD9WNTga7QGvCL0ySuixQiVJYml8nvAJcDANIs0vp9fGEJgynK/GN0sJHutA6dePvIUCIBDS1D5fjWsOWrUCzUnjxr2185dabZgpRJ50atm8SCKWI3TACg7SJ0zcQNTADxXh9uO0UWgKlN7BY8VXesX+DlwKrJk3UwyK7yK7AO4813wy4jZO5RB2cwU07h3mr1xx1j6xwXzjlN9xoCZZ6b6xi6YycavTNkyI3MCERwgpo8513xxhD1jj65IUi5IPLjMAbiBv/Mbjc9GNIQe8FDRt3rH6hrAoD9Y13ofWAAFbNYCEjhDcea4nTGvfneWTa+frDyxXCUoTa+MkdyhcUj4uONFmU2LvHLImXKGmTRidui5ezqe8sdl84KThzZ6s1hwAXyLLnWY+VPASA+Z8m8d9aTfIRp0tGeUyguCtng+V9vxiPWkSqpuHQCICXo17KSKwhVaMNa1HRgkcA60AaiinIdUwL26uIdBQlA+nymRZRABKABqCAHNHUcWtMBQJRPQgebTxkOoNtum83Ap94cXUewEgwQjHVSBhUt4Nip7axBracNUHJPNuQSKSkt6hjtHFNh4r7Dd78GUqrLVglojs86ncQUEqXgii98SfvJsFLqG2G7ranlj9HBQMkrG6TSxrr7x8hEhtuqmjfHm1calVXqru4cCplQYgLMoa6MkRe3LOumIC7fWEatp3HsMg3w4UV8maq9OPkcebpkmzIDBpODBe4AZOAzLPzrGJ+WLHTPLfnGibXHv7whfjJQnn/eFcmm5E1b4w4NMYwAGdcA+pkmgZMU1dS5MF888YcwJmoaZc0Upw+bg8gNvzkWJ7XGm+Y1V56wnLkyuecBSfFwyQqe8eniIXkL8YUTblSCcTGV+zGUO4X2bC7yRLmtXdyATxj79w7Yq8DbmtugRpqioBbN+nmGq3j1QaD0RpsJisQUgg3BxXjZQiZE3EKxQpphbEZnB+u0mkZBIVSHiYYsEJED5k1dNWXHmhgOghF6B0HxvBKZU6DZX0Lx7+McbRrA3zdijGe+ZL+jzlS30K/rDo+pAMNpAqwGnmDRAUhIwRY9DqpwhoM303alWEO7HCTpCSkeqCb4a+821golO0dX6kzX3ldBZUh69uKPxVxHY1IwaLi1wXj0tCOoAV2zzjyTAVDEgHMUZ3EJX3gW0MlJsMmzlyV1mPb4d+MQQde8YaHc+c0f3h2fGUUfeBrNGaHzrCOaoyDhKO521PGsVY7y23vAAjk4YQ+s3yXGHrz6xgD0YqD1jCm3OjHuEENfGN4zO8SpzHt3Fy1G6Jie+Pt3WSDAoqB3EAwvq4h/IduscoBdIacYeS+u40vge4ftvHTqYXSwcU+rMv3X/AHGIomsSFbvnszaMk/WIE74ce0ry4yvjEblRDCNu8mRItgvA9wOHJVpbsuzz5wLqASgg8eZrWWEMuJONNlpvp4wyhrh70jAU3oS/GBKOlGhY7V4m9bDuM4gS7olBulHvXnDZzEXQUfMgTbqDu6cClgqrCXRsWr8R3vJQgAJ4i2WAT35yvi2kA9PHO/nIkm1EDvYSDDTKmbINBouqYUCMF1y8w07BSbogoGdoPMc4nfQ2hTVdb6w2U6bA9AMNUiOOz7SQ+KcQ+eYgFIUyFOB5NRj/ABjlkglUGp3j8YnIaxA09YqaM9veAAYLESHMZT5x6X3lCauAADZhtPvHAHeU3uNB+MFbg1zHTDC/OJtuNX1ced5srjsKUwV9YgjNbccPWMpHWOZBoguOpNLkJQqH6xqjow3AcRvgf8OIRlyymjCV1ruErYf6xgDbe4R1GdxPXTg270XuJ4I/GTLTDn/MetCeJhB+0y3CAm7gALuTNyjpPGXYt87xHVWay0TTye8ImImagR5MIus0UncM+vrJAUkSzABtW/8A7mhIA06GyYlKqA6lwwzdGlBBvBva+LN4IUCKkAECwKAPjxkdlwTpS5+zcnzjEowKhN0loIizYcKsRTCNatAaquu4YLCgMNQaqqvzjEU6RVsBVZQNG+6njJFGohTcor4F76XmGgCpCG2lnrXrFRXJRdIchIB2Cs0rqxEIVhwgoKhfGMC3QdF1rTBZB7UEm02BR4mIAb/vJQzN4lA9ERHZkywZEVGj5Q73WElvUqVGlIhJ3riki8DUEs0II01vIVsiQAstL4ei3FBLAI+EGtE/XHFjhzHRrCoMA+Dht73eamP4ySilxQayTzjbebm4FlxLs2+8k/tiMJ4wa/xYnxjR/rEAu82gZH8MCKTWG/vGamCjDGuMN4CY7u5pQnduGL18/OGNOMm23CAlswGmlN4SDI4nti4IEOmI2PnEG+vjHhGvnPMimARWKd/GBLIOk1gjVCXyYTUX1jUIYxP94ZXFNaxngx3mjeOj0+cs93APWrvG41jC1uOE2cuKndLwwGsgYouMkcmO4bQSxWyseSDxY4tYsKNIq4Gw271rbdcSRy6U/wC/OAKklAsXxw3KvGYKmmxUobGzoSDHLI7MLVRldqBTog4JVV0BL8j006B9Yb4AQaBBXx7ZmvCgBdNxEZRnh64nXdl0G6FjvW35XOCNENWse72g/nNT96ECN2mIY9hizOJiPNFsbePjU3jt2BN44o08QS6HHnK706KBVWiqbr7wqI+wtghdA26VfnGvQCRKdbQbz1hcME+IKnpK/HvGhUdigsdIRNM5oubzC8hBhNpSPyfIuCwVF8iIab0WMoEwazV9ZufWAQa7mozFUKn+s2t6+8an7y5innHfh9Y/E1e4AEdmI9feAExMDaCJigHnBW994/mmerxjIJ5cRSmCBcJsN5JD5wZ2GBSH4wKkXHXhxkHV5hjBXb8YTtRqXO/qYQLJgGp8ZRDUExm9vWauEethvKkHuP7W4pUAhue8LYG6D1ggHzv5wutejzjykHCMAdHjhFWRsfGN1au3CLIVPJkIIio4ZPswro53AKQzRo84FWT5zv2HBhd5Ja6Yw8AxyVMaFJQFAUbQqWGlTCCPUgQdg1DuoL1wR5ZLudOYjddo7ojXqpPzijooNTQ7mhNrUlkxkwCMUpMVTKQYsNCryrXRE0BQgFPbhNwipKFoRdq7J8YxR0AKgP6DvzGEyyOVCskePR0z539YCJRUgFgQD433LsCAhNLd1J4fjfkyUhShJHwlFKLY/vS/UeZRqiu0CRhvAesFnGoktHkHSRduc2EiQr2PjL2hsAKCtwWMU5d55cB2xB+SfouVgLFisjOrKEIjrPHayNQIB8GXQiDfDOR1UE6MSxGpE6YXTZQY3j4C9FGn1j0YvmyZaXa4afJMJslxABSn5wysstPOGWFUH6wVWM0/GbMjCZ1KzyY0zrBTYZmivOOnXCb7cmcddN4Z+mVTWBdylzUBTy5TsfnJwd5gqDxgbjDg3PKeM9wGUwSyc/jHoPLlDdTzjE8YKNXCL6MBGBzS1mAEuhwWwFNXLrPOLArHe8EV54yyHPGMGj7xSn0uPYwmkba5O4DacyWCHA046eI+tOOyLTzgXQjiq2q/rGukyjpXx8YgaMA8xmzEpoy4byUQAgpBUAqAsxqsgVaWRUH4grbmrC2sdvXtD7xrxvrJyh495CwqZXUjuq8sg4a0e24NFED6EGtDgmZ4rRdhveqE+cMiGCaggbNaCBvy5Z5oN6iJQ4VseD63h3ZoiNd7T10mvbgKiqEVh3x2Tb9r8YC6RlpPBEb+Hk1hC1MIo6hvS09KJMT3XEQKwtBbBPPLi7bQqooxQae6J0uyS6JJEgoguvPnE5DZICkQWFifPd3CPIQm9e3BHcUf3i58yjZUFLqxMFCCbQAhE0XfBk9YBANR0QYqQgydlEeKzShqgVeShFURFBMU6Sws8KWfi4RjBQyhjwbBgmXmaLJd4k6BTf1hODTy9GG9LH9Zpoa1mFECNJq/GCxpVhhUB5caUAU8ZDHvAjvzhR8mNE95ofGsoIvnKHWurgXDlNJkifOFWzmEpruOZe6PeLNhvn5wlF8SOTbSxwNHpxaK/wAQ031iTXLTmGly5pgQP3lhmvL4zlxnc+qesQiJ84I0mGtd84oGc+MMnBPwii8wwAWc8mUWh3RzH4Dp8Y9A/WAJrhhgZ48Yb44CXXOZJ4Yxw1vLoR7rAwE2gtFBSVYhEF2GFWBptPBQQm5ClQNqOAKVJ+BNa9n/ALhQfJGQTfq4Qp3KytA2orPxjdjFtRQAij22q7wyFWNjXgiOtHfGNV0BVIobQ1Olj0feMMKyIhKAnBQvAHU4wNUoEhsSaeU/GjJAMQIsLAdujk4OE3J1FIaWst4fmYUECRBWcGK9l1pMH1+NuIdvkgRDpkAnn1g0OrqH6MSxkMVNwdi+GfePG1GAYIxsn39auFqKmhoQu2lKAKMMlfoHDKDdpKKnjuL3Odhahb08vl+cPdPat6ydQ8Xk7gDeuELpfYSoOujG4EpW+c5zmKaesdTmhrDNnG4rJBJ3HCn6whIQmKVkYhxwGAaY1RtXHXk9mNsA8LlHlv8AeC8M1XrAkE7m3N4wZreGcbTEFPOUVDWSPyxQ+Iy63JioE1cU1WXLiO/TI9cpgFuGv1koHWCwqv6mJE+5kihn7xSjrpjKD1swduPHAQ8ODrw9Y6gdxhyOICPZoyZX85vjQ1PnBbQenLLA+/eTTaOzBVb5IcMOUGYaol4zHZCnrGBevMTQSd+cVGEnTJOpO+sj6gdiaDNjYCCjFFG7KLUKIQdndsrLVDCGqhIE8Hv2v1cMPVEtHlA1+1ylMCSg2GafzMjkITYD5XUdh6MnapSAWtryDf8A4wHgDSXhKpz69t9YN2ZFCLufhL73u4QhBaX8N9DV9bwvVYw1xCoGwZp84uUAIGAF6KV8WU8CSSldUEEtqbIfPnOnbTcE3R7Uxy3ny2CWygCuecqvOVBuoQCIFFEzc71Eo1iwruu7/eO08du5BVVqBT41gfUwUYCPECK6T6wjLxTQIEeIG/CjrFoCKGMWKHxfWn842+bDVkaSh46vqOPoJtGyonZPDL4ylERHYnMQB/rHx94TyxIDzCG8Wx88zYBZg6MNC3GClMv+ccSO7jAjdcwCjjVnnACuGgXT3AMacULc8YsU1OGMvw439mKTsme3U94IDtxR9Ga05nT6xxuKYe8NjWb0PHZm1wYRMGY4ARTT5x0Oh2+8WNb+skTY94A3Mdzxd4AGy/3ixr36zejAmXX+2L7E95qJr0/OW2uhXw5rQJJzuAwqj4zYqI7wpsJnbqdJ4wuIfSYAYa95e0huH8B8vvh3xF7nBIiaQ27gGqxUI6i1tNUt47EAvp5XGoBgMnqhiOtAH3rNRrTdZapUvCg1XCgwRwcAAKsBpUXmWIaighSCKWIevzlo4yuyAV8GjfwmGyVLiYxHkUY3lFxvQFcILoCQaYm1mjGas3I6CSC6Ndht0lI0kAMHBVM7ITxg+eIAdt5Swljq3mTgGcpRRgTqAnOTGNqXStGQCvlKlx+Shd9ioRNHRkOOIuULqLsQqbKG/B2YfOBW4YLChGKySsunjd4NMCiZAJwDxYNcZTJUQCdjVBp2mw9jhjWwSCo0qo42CABGx0T4Tx054xgI2RXWa/uGh8pEaWeNYe5SL1VVWVBac8+sYqBREnP7xRHJgXRlRfeHM3EEe0wKwkVyw4TJIbLiJn5x1vjJG5J64lfOMnCC5Zb6fjDKdvcICP6wgUmPxTmFJUuSy3e8lEqXFDXThm1Lr9Y7w6YCO8UEcRYLN4p2ybU5jPJ6fGN2DXMaBsWjwuBYtnTKuq/GMdFnMEIgT9Yjjvbv1hO6axD2n+8LKKT+cQaEjDNqtJ3F6BS4iB/G8QItnj/eFlJNK4oREHcNTG9h5yICk8esIgofeFAVPV7lo7rGkrTxjMNgCdisLoLtdAFXVw3WZggcA8NURWUA27fmgwArKMyKCBB0M02RMoUAqm4iIyoYuyhZa2HVLGQdaLwQ5ZBsNBRBKhEDDkxwloi0RSBYbE8OGUAAsYUQtIThYUHE1oqyVEKoOCHpTDgoS7qXzppDSt+c0JbWhSPQE60aPJYUNSAQoNcBFDrZMO8a5rQtCaMFjadO9Nj21FZFNnd6uMm+YnXg1FIvRvN1UQgEEKqdJQBBSu+EdxERp5wobs841CGmtaohF28d/DDyOlMPT67UG0UzGYfEKNBUZRXI0Xjed/Lr2kCxvShKey6CHkfyJi1FA2kpfl/5juxRLYLtgw75E+ML6djU7QK1R14PWNXWmihdDaoAqntYTIKKU1BublN5d3zIz84QLvW8JftcZ/eak24UvvGhfeNA+POGLDveQkO5qTw4IVUwQC6mFdw8mJix3FbW4tVhjaOTGCvoxvr8519gOfMLn1POMKKpiXR9My9EEeU44RKg7MVlWOMfjLfvNPWXZ4cZLsXe8BIeeYLMjOZKhC7hlmpQ/jHEXRr7xlQ1NfOegKc9ZdlPkxACKY4HnG3t5/WbbYnnCFng+MZ6X7xem/ORBwNN5i6Ow1vuMaEACqrAA6roMAbGla3bHQgI6JwUW+lWESCpqOjdgNF0ERCVkoYU29MtXug3PiJ2WbBWATizVdILMAtQVojRmjuQV3XOelFa1Uuml6HJ0peV7BSq3b3zu+uYfpOBpYC8yL3evWQNYIFbMJFRXrWq4UIVa2nyV+WnxiLRRiM7Non7OMwMRN4EOwKthItBaGNbFuUAIaSI7QQ0NxcAMW7qbdtCaw1AoOLIkHgaNpNEiKxoShVaArs9HAHjCJuG0VGdQibUDeK473BWtpyenl1bgilmioNQ6S6ipqfGHfMILQaDdFENgqcmbgTEagQHZbBhhSjQ7hCwL9ILzbHxDAFQyQSv1jwr0AHVKlng2uDhJA4NdeC/L7y9W243qgYRuADKq6QrcNj0w7TLWLd40fdwSGkMkA7uST7cunMosPX3kE1XIyessXxvIm+5sqY994BTAIHxzGrYlyONLoMQ6QxgPGS7EJiMxHV84G8VNfOUg5eYBslPExkkjNGPrSh0NYg0QPHDrBp58YRaB3p+zD8Ik/jLLdLrHbaPTASNEuTLNcy7TGUMNyZOKTywpGUNLjoHfPrBr4Txj3ofeK6XeE4oTvxgq1PjFPcYOte8YmnWNXT+sBRxw7rmMcellKRRBRKAELQoJvJJAvYLOr2q8pzEoHam2UB8Q2zy4VTU+gOnwJoe6AVmOH6k2m3xsCnAppS4fQpzRkFXooH4vnDpFSuGpjp4A6nAMVBgT3VV9aPxiknkOv6en9Y634MDYAGIMvkDmMw3spqoMBrfK9xSE3YFrbUC4ZMax3elO+NHlLrBcDrNgk3+Z7EBZO+kQxQNVgiEYj9Ob96zIATIiP0ZJcSAYYFJtta0AlkawTJAd6DiaDXBRVFqU2elpjlARH2glGA7Fd4wbqBU1qoCQbj1IAKCeY8TW54jTLqxawB6C8ep4cXkFq6uvbtxiwJtdGaRvhqLtKDRvyfDhGTiKhUPQAfgx4hBhuvgkLq33juJ6IGikw7tf1lckNIFH3FwLjzrDJJceYyGO/fbj34ezBRkjvD5esIkLhDfnFq3rAIfGSYfrGQ3CBe3JQWYUh4eMHSs5jhZiV5NUzbau9ZeoGi+D3g0AKKTFFuBJLPWG0FHRMIPQg/eNShQ/WEdxd44Ur+8Q6qFPnHQXZjjS63kpeeTCQApo/GDxiZZQus+cmV0OQp0DmsJQ95MGiZujvnCXN5csdOLIUF3i2LvDGnjcbD9y+RwDoi8hkYo2eo8nn86+MthmK0fQND4AMrEj4B4fnJ5CFVXV+WWBteHXFLgPIQcTABUFKNqVptQykLsUvlZpruE4JiqpCy+5V+1y9KX5gCBPcD84hZEAg7hFQK6twKwpWgSqaB9AV3F1i/rlJMTRSADQrRuoWkDggnWlCozXraAw1QUj0BRPA2I7HHgM1hTgmAKETZUkHPFoBeICpsVCJpH1h6UlYEaGtYA/QzHKGmTiioZsLfKea43WxWQLdIpXYfFzUFOah2Qq+TVVD1ganWMRiIDR4h59OSyIZCh466NvpWTwawgBTc9XzihuQmwHDAlNdUT4wO8BrB/OEQsRCxvQjx/MwO2k0s8tznnDO72CC7JCR7V/BMVYI1RNhYPmhu+YEh6LjPSeE9YasNfGEE2Y0YhNY9uP9HuI1FuTqu6xqCHM2J8/wC8i82n+sZh7cFRjhUXCmt4gYtOIG+Maqwkko28F5kxVvGHvfOLaAPb9Y9r9F8YF3zvB0RUuAmhNnAUYvMjignhwIKK9uGO+8F3Tg+sIVDzHLIKXLAyLswSGUP6xU5jG22ZdmO79Y9Fm9PhwJblOXLiVF5jkREQcgOhrGLffWFGOBL5wB11gnn9YMoifjH6BXz7xbEKqEDdOn9YAKSpIA9qwD5UMKBvWPwJI/VHzgpABBJTsD+Xr5XE3SOlmz3jrwOo0L1+5MYVbf4MCpN2oAdVowCr+coE42AdSySAIBNgiGL6h1QVpRK1Dc2Btgxwtvg9orcYGIaRShEGxaXyZEcoIQRAPTUMflIlVFIRqbFE9wqN0iTPJBJegDao6wzhsHetIOgaIaV8TDDqoKkvrToviawGp5OSkRrkrsn5w8PNZHygUNT1NYv3StGQF3sKs8NuP0oSCoVBaT6jrFZQIGUulB2Te/OG0n5Un4f9YJaUfG8NCR9Azymx/I/hx5KeVas8pN/KGHG6xO+hRNr0H1jPWseg6CEb83WsMu4nT2hGHVigWORhBovikETXhJ8+M38kxky4NnzvJ1GQxwF1ZhY4eXXcjAi/eX/ApiTTVwCz05aPFwpifOaKcdYinIBPe8IITZjCGCvq5qwNtpuGs3czYvnBLPC78Y4poy1pxgh9dwkuudxw2phC6baZCvjDAU7vJVGs8Y68XTi1BRNPc2kC+cA42DziojxZjzFZ6wLHuy5c11cKhU8OKvTgY9NcH7fxiB1/LinFbuLcVlX4ypO4UGgNp4wfRyFHWJMWkorGcp5lwUisnvCRIZ5wq3nrCaCF0LZ6w3R1M5EsWlH7HlPA6u3gYMFtMYiqltVsV3XLgD7QWgDQKUmtBq4WGdu1WKHBGvNxRltlvhTrZU9BbYJuyYGKBuwYJ6XiYjYoqVW0HUALREaK4SKgSErQilqo6flw8kCSo7gTdtKEQ2lgrcyqw7GgxFdl5fOKWrwSSlq2k1db8ZeyqQRPl/3hUQkERDXPkjir+rhUaA0X0kSaPGMTAO5SMWHUKHxgSeBoI/I1uNBB6EP5wVKOwTvuJx+HDqnWyx34ZkxRLFWykx07F3EjktBsVXgo4/JrxrEYRqfjoh3ZRn3YJLloMm71If0fWbPznNWB/OMXQ8MAXeeBTyOc+awxtAaXBRY+TcFQ0sP+4UfrF2nMI33AF/eBU6TANokwDwJ97l+XDwix8+cu1hi0t5F3zuEVeGj7wDui4SpujHgI03l8klxu3MGdL5bjoaZrezGEboMaAWEpzWTzJuhLjcGJtyhiOxXGglnvuE0hvjA+CesUmseVXHVTmfWXbgrbnbjh26/WArMT4xK6hdGGmw67P36x6pbECFjp9XAfvQYU2IcKanLyWZorZsih2Pp+GYwJDZUn7xWOh+HFeHV6Z83CPnHWiLovotfyP5YJwJZpRBdUQl1RHS4bEjR2lQeU6PUuY6eQFCpt3AhJ7TxhsGQUuhgPdeCnmGPBBCUFACXyx+w94aujUxdbnSh8LsHOKBoU+QRPGnXhnvFwLIBfWk4KIt09nnLjhpcNKiReJqbXmdjBcRK0lDQ1Q8OPgHeCfAQKIPPcdYHH6IiN+sfFkko146P5MVjLcttrQQOhjQAgVI0TXO/Y5alFqhS+B9feGBBQSu/hTYPh3HpvCUSYIAU2g3Sa1ekynSNAlkB6SlOJEG4aAii1BIRHzsuy6fFlEPQVnuL08l34eYWL7yyPe2Qhi7fWEQvjesDEmjbkU2ecIkd41DSbB1gRW93hVvWQW94pdsy5vzmm8XWz5J49nTuTccBIfbw/OGuFlHbM1XDR9YVffgwcDFUtFZncvnLoOsR4E44mlBcMg7TLktuMbs1cdVdOsPoopuYogJv9uMlbYfjGFBEuu4V1RgPx4yqth+cZJnjebtX7wrF394ty77rEpoxAfjDNmIGsRQFcLJQoBV+jy/BvDMYSRUs2Ov3MGTYKwVNgeiUKkfnLsrCcO9CIxeDy/nCkTtgUXWkR8jHnvHONxRGDq6Sb/GpjBCCQiLGuy8ut/OLx4QCJOonj4fOM2EglLQokXU1Np5wVhgVQgiG5XVLivUIIR784WE/ZbiapgBJAgA+ANf8AubghWNZ3R11/GM1eiZ86Nb/krgQhGEJQCrLrquuq5DYQ7WnpZ+fBlkAKkFG62Opz9Y7EcKoRtLqCc+ZhNEpzAah6ofG8HjRpEYmkcomp0Z6dkWaB0xpLofE4esOAtVFQVCg2tPFJj8iKBUYV0ZbdP9YgqrXCf9y0+EuSZSKhOo2P2Z7/AN9Z7CwDLE8DlyHkRBgKJL00brTkjcumo6Em5NmnA9QoBrw6dc8esIoQKilgqbnNCXtMge9ik11KqHJU9TGMKC6YE4BHZs0SMcKF92F/QV18Gs3K8u8PIID+Mi6RofnCEds/GWwd8xra7uKD4rlwGzWG+n4xgHgMIZ07WYKG5c3g4jm3eDSscB5V1Pzh11F1DuFDKO3eJaiVOkI5S+VDuMy5ssL0QLs8Cz6yQhvLeMdS09piGriahjmxDMDT1d4aTvbkBaDHeMi37wGLwwG27ckhoxOWUwo3Qn4941FoZcesLbMW7vD3ucf4dtf4RxIdxvzhtj2+u4o9mAKq4AG1yzj0aKiQeD2716zcsOM5pFAiDqN5ltEEEDaTbRP5hhtOJ0FFIQ8EmRLFNhQTa/qaw8hDjibg/P18YFSwK3vURvSbxoWZOtwh8gfm4UaN+wgfRE/+mPGwzRobHcUNiy/OPPKKArrS9I23yfOPKWYEOsp6pzxkgYAlANalVPrIJhYABTW66f8AUx6ZIhrOJsj46jilR5CBPEVA+tlxQgV62z5fD8YITtQUdhWOAp/sKlCJTwzzq5Q6DQlHnX5/nLS0gKNMihF3vfhfjBlA4IkUdjSJEWUPO4VUpCybCEURBrX843wIzDR00tieaaTUyQJUaDo6Pr84ScA2YbEEAXYiR+sdTpCUh0l86GdHNjJ9SD5QhHNiSVxCaECKpuXYO9Pv2YmxJOEXsujuI7Ldi4DBFUWEQ46hSCBQRxqQJvaw1Xuj3vGUKCht0KvBqX5nnKWPjL7TB9AnLhzRbd8xRZZ1nc8U78YwvRwxPzlTZuOEJByZs+hg85KEG6JtaEGxBOZUqyIAeI6A0R4BGgVEVydcFojcLeSOMBIVoG1luuJhrIQstuyV0HPTHDXkXtgBBIPK2i+sO5YkGkUAKJdh3FQyMdUBMBSzCI/JhzfJ3NhgB083goO7+8JjW+8M3FcYIeN4BFjg4UMDtbu4wHSSXxix1bd4NMisM2dy4ab7mjTjvLvGnvzhiBWwPf1l7od8B93R57jgcikaylQSUCi93McMoXW3joI+p1nrDCQdhWVYQsRd9yaolGB6V6b1PgMmroOxbpX5TBoLQISS19G8akKYgjeJeLpD7y0oCkjW10J8P8Y5B3lGof8AXy/OFNGUilTQ+infjF6AYapSPyb/AFjwqUhQFpvy7J8GPTAIj0Ci+UJu9+cYrqpdIhdzwM77yDSSCiNAL49f+5NSI6KXT8ZGl8aw+KMouPV4r+sHyk2bXeg3PfMYYQGgA54PP5wJIFAKBEbu2/8AmIAoUoKlLNpHuJGtbAlGi6hrj3NUSYcho7tZv3qeMZQDYHUGnHnTtJ3GF8gsKpdmzYcpjXQWyhpE03qXfu9xigZVSI0h4JNkkxty3UYac1nGBBE2P+8XFDoWfJ6xOMNkBvUEkPJrXvbjhIABKJ8mkeu+/wA4eICER9c37mADoTIgbRDqMXVkHwph33Fu0YiO9OsAguO7hUwiX3hDEqTLOrhsTmdX5xob5ztbDN70TDt9uFFg1rAE/YxPkM3iIkBYYvYeL1dcM1esMVSbezAlNROec1EvmqUnxoT2Y06q9hBaCIoxLvGUBEhEUEe7IxL3HYKt3nhPGIAGEBTcaH0YXCSqgE+8VgaAK+TTzGfQHnG8vesGLyB3ALAoOEW+cIHtMhSfq4wFFIB5xOGauEJkE7QCP6TCG9OOk0lyngu8FLUjECSmq2LNTU1hcjRN6B0RQdApruTskELsaDw6h8Pzhz3gIY007NtJ6wsmQxFLtdb+bfvJInFHwjo0CTXrvrGaBDKjcU8NefjJ4yEtShoGOpt4YLZJIKVti2iXf8ZowUoKBIg0ni7fnDcJaal0FI+LHw9MXmbGFjFNIAyvnJVcW/A8js4eMeKatIqnzIBr7wTdlRsZvX1d4uAisTZQejRkzlmnFpQPjyYCIlFC1Vi/qb+MBaRRqiwXvVf+ZW5Fak6C6p4/jOawsoEdobVkf37w2qBBK0A9Xye0zwzIajQQDlCtZzxjvykAt7Q2olNM38Y1eAQOyPXdPo94ZfuJtL5JTWpjlHClBYC6dbfE1+jYCJNFHYnUbL7u8ME6Q0RXSVEAIwZvERcd4FnkCnNvrAg4OzO02TXHG3D1YitfBw2Z+cNC2Wgi6Pxu5vBGMqqevU6vz6wgZFILRPf/ALjaSBBQUPhxcScIqPw8yWIDlXX1hYnTv7fi7vjeNgUQhQHcXo+TUfHl7V6SGlA8Xw7L6wRqGtOGLu9ybd7/AFgArc0YM7IvnGFuwlPOGsO24yaKhwF/rCRYR4k/vHOwA2/GXhBezCkn1Qmy+lmXZyhHBor1UCvvN5dJrma4DYfO8YmwQi2cCcrv1hEhWEC+Whgs+80YwUISRLqnRxmJFVMFaBEWjOePxm/gPEOvcyX7R/GsNSNs8nvAOti+GZNIzDQNJ93EI0BJsXeNgLMIwUBmwR8+tYLh4w2m96yWEXghcQlFtZ5c2nRE9qJ8JJ8mOZHOUSx38ImVNtks1+8VBtJ9jTFXTegeU8YkCGihqhPYkfnB9dyCMHHaHrXe4+w6uUBFQOgsqhb6wKkI0gU2kLdM1N4wANKODxREsHm3DawqugGhRk34PnHdWi1FFJG+XR5xyQonyEVtQCne5LT7IiqTXnx8/jDS0iwKRSpHSPcBsVARH4vH5vmGFU9kST35fnN9XVAPVBK77PdA0NECTFQ2CKnHsfNmE4NDyXh6IVZOBwcHrpVAj6Du8YIpDqFm5ANd+vOOPRZZ2oLbyD+JgZbIRWSFA63F+sdwUyrsB1dnMplF5EaBPIc+desJw4GAJAF0iig7LlmiEdDso+dEPG/kwpZIkpMLr7u/T4wxTWlWKWHefpxWYgCAIRIO0fcmt9yoAQEguAvdke421AKRdAiLSo9L6wigIgqEYzZfOt+M2rNC6DtHwh49dxJYJRsAUbIbg/LvA1ARAdAsXsQ0/wB5aEJohI6FdtBX6mLSsUPlUg63Pg1XWP3AxEX2EDQwaNvO4vTW0n0SNK7XlcPjEoqlKJpILV948mEQaRYQiPkec1rHjzCbVWb8goz485Kzx4MY0Ynh8/DlsUBWOyeQ/wDcvvXBo58kKJqIPyPCYKA3NsNF+NPrHGp3khhBinyPxO45OhF8vZhkLfkzScPMw40IfrLUgum9zvQtnvHH4G3GyoVAQlDWCAcA9q43gfo56gRxqEWgQrVnhvg1zJTyt+B4Xiv8dcvkUSl4VZPiO8MSuEa3sROz5xEIdoSHl+cN7SDQ+kxuA5qjgouvV6XNvGWAJpBNx1G7wqRR0KZR3txSLAGipBvq2Y1gwUkV8n6x+fAPuwwwd4QTW8Zq7XCBo+1yxtk8gEZ52GUyMvyCaf1nSDxvch9Y3JsyvM3zjwWFQkWYUa4lG3x/eHE6QsJVog9J+cFugRoJWdEOr3m8N5CJpIqVigNJt0jhxuhwRHR4Rg31hvyEAF2q6GGg7TOrMlMaisAWNqz6mS1UaUDybY/y4TVVCYcHUDsPtgYLIxJb7GE91/nHMlVE6XjY33+tYLMCqAmiAWuqp3RMKWauWNhHX8GPUuJgnkIB8qjMhyjoiB4Eevz84UcK00NG04Xx7xjV8uGihRkPAPG7zDcLQr1Fiof6PnxgSIQgge1KvHU3D1jOAoIoCtjs+7UvrJ6LA4g2q+KoeP5wuQrIpThNSqBVZXxh8AhAtFga8e35cBHYFTUUC0eUidwcTquo60IJGgRYuW0ZCxL1KKQB8uvWM70mICqwV6bWF5gUE4Z6FRDVIsPmtxschyWgBaAEd/xjsXQCiIkZpAPk7JMuyXgMdxa6FihqoupgZZkCLYF+dun4zd2xRoCaAvLr8+cqIXAApFleR/ZPeAl0VYDwGeaOIZotJGtM+ICl6Z7mNY4gqiUWAWj6xElEV8AIKNGheR0uBs2SigkEZEVdhd5IhSAipbs2VPju9GI6kFYUmht93Z3Q4EGt2aYNdFGi7iaxtaihqpUDSDNm/fvL6FYKI7lPHvFP4OM3aqO/oL84xbNIgD5vPznI4LTpaTWDIQdSaH3nIdYs81rI6YojvSU94r2gogFdA+b4DfxjsWoABPZMUggbNx+sD1iow/n5wircP6xubwD3kmCPpxGMyt2JpH5E/rGan3IvkG0PjFhtaoQm3Y1odpuFwokCUfjOB8GUbkPEXx9vxl8wBLumhnLgdRgAYna8/eSCuwsL5csgIiJVNLdDzI46jhLyrQ+sNz9qGiIJ5879ZQgxUiKBqjyawqI4YLYBaDz1XGWhFZ0nn6x+bYHA6v4xHQ5GASC+lx21ASm6SaSnTBOLEAwijqFrMK5s6AaFPa1/eI2RJQh4fIX16TJKcxsqKM+BxDaQrSmmG5XxjLHEuQKCtjStMWNGINqBGlEd/G8YVGECgB5GX7c3/rpuHddZLB3Ulx6lE0n5TTsst3nuBQQ81UPgPW8KgROdwhPGvmlcPCEKol0M6fGEVxSNm/Ad78kma6Q6xWGtl712fbhGPeY8ENMXqm5rL4VBmrPmfCZZtRIIOq6t+irhoQrYR8rFPztyb72HSdaA0H3lqWRGn7ePszemjfr2RkviHMJiM2wLtBUryBj24pcG9iLjvDJiz4bR+G78mNeSK4LZARKemTa4iQuGIBujS89y18LxsgwD1A2p7YT5uWugQo9kt13LDfFRQ006I+8COKbhCqr4g89gC9F6INZAtVEX00maf/yNpqBU/A6jicoRMByoVXcBBzaY58AdYXYkAU1NvO+G8yFgKiPRUFAvmvky/mAitAqlgKQ8XeN3KFQ0tSk4LMH1GxOA6PvswwCwCC26slHmsNpqC7aJuWnJ4N7wqkGLKAhw3Ve7/jCRKl1GcUlHYalp6mJyikgg7DQR2SHA3iF0C0LbsUifHMF0IKGlXVdOtkDVfkaFsASOneo82feIiE7CBARNbAInS4jdDoSlOHwvne+JzBIUGpEaTa68nzMkSGREo+u1xewNiHnkBUPvEaCR8XBhP7yKu/syHqBraz9YnbrWRKS2UfnDKUUXRfN//c1jNnL4oqvtlfjDoCAAPsxfG4H5cMbZGr5bOdxy7Bo0/ePzTqBMl/6sIQIBuktdfONBpW6c3QCSS6IYcC4aABZUd+rgfMjIINCTWMYCCEkUDyX8ZA1bpFg6B2/GJOgURqai/WslvDBAV57NYcuKCwC9NzKSl0LDCXv4wJvahGzvgy7KoEt+B8GD81RZQXZNg0jenMa7GrOoEnjuvrDLDWMVtBXhPOHZbJelUDW+7uJ4TVEEGvw884oGGCR8r7YG3xm5DxREO1PoUMKiAaiYIN6Uk8GIBPDFU2A0inTCBJiIyCIonDj484PKIDAEBU6R7fZhrY3tNUL0irORcXoDhQGcC1bPnD6KpNwVDkQh9XIk0sBJC1fmwnrDcFo2g8GjR6DHVBpdhrQS31vxkRBWhCpKjtek+sYCjYFnihN+9Y/a8Qjvk5+sshkRThgL+2+3fjNVeCIIdd7l94ZOGsAtdn/DKPHGAn5G3/mHVAKjXb143gOcKyATt7zJklhVbvc3lsjeiATwNuOB5JJ+Bp/+4csDWwDYA2+t/OAsuiBmxVO/IsxJQm6E9ooQHTpXx4JK2rXqoUi8232byXqjK1GRoiwpoB6430qSEBVHdYeNL5kPKG/CsWKBdA9rrO/0RbKsoKvQuv2QRUkAHdLFb0FZ0MY8JCJFTaTQHhVeobyTgkJqHYsgjrT+cDgCBufvr8uATqmo+6iENFet5rL7qLRI63Ct7LS60ZMYN2lF2gQJuAvDKai7XA8aQR2O/eGhCdBAahLtePcjyUwUuhBlTmmS+t5bq4IsCL1b6YeY6yACqEIBWkt1Fg+cSIUso2pW0QOteDe7iULoErRutHZu75caIFCXbS10Gua1MNQPaFskYaVPCLXWTyqVFDVINPOolZ5xWSaCLKoi+01o5g00vAoOls9bOfeAAcQTXXfkm8Msbgkp4KWt9+M0MyoIpxBY/Fwbg2QebxT0PhVT9uSgJRGz4wYAAAAAeNGPQdgoK+iuvtxl7OIL1TT+NYuUkiiieuY6W4RNvw2fGAivNqPkC6ftTFjzKAgogfCnyHzkcDAB+Uoj/e7jfjgMIhCUtWesNRkBSCPwb4whT40DsectzcCQvnaXm8ZEUsEWnzd9fGMLHpAU+ASXfhrnitzv507mTNygmnVP1XJ7g1F8gzYTVz1KGtnyu3EWQBKLibN/OJ20X7Tao8xK+MuPxaSoxJKT4BqmXqwUMAQU20/7xwQ2oEoOt1IvtxrSBSEAIEEER9Ue4i7aulCA0AAeeMdZphCkBdiAH7uIVabDuoj6VusvGmOB3hKCnD1MMk2Ig7u1Cj/GSrHlsDVSUH1jygE2ETeoJ7lyVHjQmiqsiOsbykqqE8N+sQJ0FaU9H3h2TYAigDYFqptNe8ORiBIAAraIFhxp84pK7d2itdt8bd46kEgrVDhP7xq0KWU1Oh4HXPneVCBxQ1rz7/8AjA7B4MADESW/X7wyYMleKHha9xuIbK1De5MbAGgG7zb1n95NotgGg865/bigEJaiG1XgFL3CJ6IBAF7zj/XMKW0PLd/m/dxdDxu1XVN67QwKEFAJ51wNQNrwww3jIPmSBoJQ87wzTaBHSrNPIKhBMFpeS2rpW6bafj3jPwiRA0bDaLboPWyujIwQEJXvjSmibwrQKpBCpCL9XCMUxsnjVbuyyJxw3t7bYMXqokTQMAquEgKoVeY9O9mucxRU6FQjdXhOvWGttExWaKGb4bPs7m7gN9WoWG0VV51CvAxuYTURYrzeg+MZ0Ep0FOKs6Eb8cyTLA12xUDVoVKdvMMUxBs62iRq7ToR84XQKOCQirTbwhjMeMaaDxbJCGvF84looRpFWtRl2TXk9YAtKyEAoxQ3vygbwhEUAoG2rYvI6DvcdHUWiA0IUTU+LcYhG0gndAiaYsTzvAusrQkopCnE2B6y1MQVDHWg8X4/5jdHaJgE6IXuABJCNB40Hj4wMSgGxMfo2rBDrRqtmHFoCggDyvMvW7QKvrY7H4/eHkZrZXz8YgkB8A/nG5SGhg/gd/vBTSvB5+3D9eqml4bO/nDjSgor5gU/GPfqJrfQ6P3pxphJLIHdY3fT9YLeTzEaeGPwAOIMlKVjcpsPiYaUgFAQ0qlfzrHILVCMt3l6gqxAm/d9Y2CIQRWbD4ygdXSPfg+MmgdfkwQLWgXQYQVYgUhEO7FF8ldBkkZgo0QSQ3FdKOtb0qJZXrAdhTVDvcQhBSkFIUBY2KesUhWQKeBKCUJPiYKPSRjaH1A54AmsIlB3BLDpG2/6cWylDSAUHtUr4mEahMVCydGtd84niJS7aAsgB90zVJNGxE0nj53McgFUFJ2UdxTvR9YTxCpEpbbp0E/jGSJ2FA3sznlAVXVe68ZdFCp36Ce7tmvjzi1iWpGVKrwrrjMGWmMCi6rNKB8hMCF2wgqeW3mDaC0oB4Qiqvb5yVvDUKxI1qVGA7MctIAqSwfg3fi+jGCISL27u6t/e8i9D3jGgeNnj7MRRCF0NoH584ZACzCSnHlu3zgpCgJDeqQgWr5uMByqAgOV+qcxkEaQABYbF7ySYnPqkUO7LX23GiCjUQiyCobGWedUofrlBuragUSnqTBb0UjHQG6FF8wKkTD1SlTmqKOg2OvDhYUFCCQAKaBYargzCkAloqKERGisp4w7UysV9l0TxQ3MOuQDFvLEF817WsxiWnmoUhoahOVgO8XYM1VKGrfxiHdTX6wyCGCU70MZ6pveMeOhWJ9yDy7qnDGqF2whCRGet4OT2pCcKbuT85DCCA6Qbnp9nwZOKnTB4RNljxNz6wKQgKQlqbNfSeO4iJWBgUjwSUKz8+W1uJCo8gpoTU/5juW7AYqMaIReFZ+8mKIgra7tCAohLocDKoliqKxQXwk8/jHkYTQgDaAKV6eBx+GtSNJqh2dL1mHjjRENkKj1FNe37wFhElF26Xs6Pvx7YIRUKvk8bOOp715wRJCjDY8iaf7wUpKuI+6l14MXKTgoB4i2ILyL7c3dKlAqd2xfjD0QLUNaI/bXzjJFIbJR/OMWtoHY+h/1hZQTgGn/mJECzYPH8446L1jo+vGb5IqVw2WA0LRPYy5VShgAp5R8H05odYTVXicnsxrX3yj9dflxgbAT0NUWDbMIdcYiniAUTy4URnYgewUAPxcZh7JpPCRP5zXEVYSHgPFd7/jNDfngqURip413C6YJhEdg5H3vBVyo7pFUYrUX6u7kpBAEAcB46X0rjm0gs2jsFA3po30ygiBREL5CqUNoC6UMWFSQXQQDYXa+OY5MNAUGqQCF5CTZhQY0pxBQM0YdejTqCROARCICgWITHloabFgkLo2A843irAIQ0LqCJvCOesGNn759axyMmQQJIws3S62mWZqTeOIPJN10ecNHAFCtYHr24fDYDWd784ziiXTYhpa1vRkgaTQAcoTa/WON5iCFPXaB6Oua2k1F6gfB3+cP2wRJY3RSyf7xPUFFKJsbe2PNXGoQCghwWeHfjxhmMB2rYyJ43vDqOElNqAoK99YnQS3CaRvUh+z04EU0ECAGtvTp4xmahcp7sfJxPPjB7EyqJsFYbkHoiPcY+Eor0ANU3r371guAGJTFEhiiPPDvGZhpWw+E4TE6dJlENQE02ebh9gmiWCKL5+K8x5mZpHVWgIJA7jFniIarUhKRAr4zQQi3RCqnx2iJ4eYB1uvFBKEpGCpChy9LVEBVIwfvS6yPa+SFQCgul3x3HzhTILiRrcAtA6pojl20oEF7C+Im/nL1EfnNwLokU/eNVuyAYatBGen1+cImwuwzVF0h0iuMm6OAMUKCDvjPtxokGy0tUUsVjEjdOMkoAnqAIzYnErfGMG7UCR6oab9wTJVCC0SgKRU911NOMnY9Bo1oozguj5FDVwJIBTQnwvUB8YRK7NC0CItehd+cTqVYYQHgH3Z63p3hKLcJoV0EHpKs165jCkKIhqF9ue/DZlji0JvARxQE17txw0iBIwV2DDzt9ecNBBaYWzagj3lpMtlKkaALKn6vjJGyEpEt6zbBwu6jtq672/bWCtWVKXwptPS4PpsAE/sy4IOL575xSkJwKj9WZJQB4up/zKNIClaf9/wAYSo7Kw395LoW0AAxOWwLcHekpv5MWlFTEtfSWfeEtR60HNd4/WLzEHUqmX6CxbR+P94XKDaCvgAuI/QHovrmAIk2IKD49OMysiiJKHafjFbkoFpJQsRI47CJq0AIIQCokYt0Jh6IAdkiUJFS+CLkPlFEwUCJdSjdRusrstJC0FBJUV3oXxi+Kd0ww2KiAD5E34x2sJ41OQwoKqAO4vGcMexBBWQJTJNmAL1jlGdgjugnMB5qpRfDUkA1/5h1AQGhrdLbqLiEpEDU9ns1+vrDWAx1C7auw6c+eY/VQKAitlRm/OVDodooSqL+piQpYgKjlXQXdeTD4j9wNBHR87cY9FV0L1jY+rcC1hJSHXpD1z1m14BBGjpX1icN0IHoHy8/vDIu4Go9WQF+OYfa+oFReReze35y7wtVN/BpgYZTVAncIrDzvusLV0GJfg2HPzhlSWg08sdTE4jAfqRTY7GinsMAhAhKDzRdxGGzvreJsVGQAekbTn6xkE4S6f1Lv/WF3EUiwQgp4NTZ5wJyRJi+Q09GngxFsgJXloAxPG8USAISiiJ1BT1zXcWDgLCoqEXXYj2Z1RiNTQElFo+8JO5UtGyNwDUOaxtvJiqzwbxqh7BsQQJGs2uiph7aaSggUNIFi6FoWZr4i2GgGtUIKDNi0wtckQGzXkHDgEFVoeoOKba+w+GWAG7y61cdiAEJPJCrx9v8AWFfs0wCrCK+hWPPGXUQmBpSAomtRYmrsyrjYFDWjW9xGWNLh/NGoIMsBD7EDyXC9hAUbrohHooshTy7KlqahHSVp1or1jrGZ+4Mq2stUZL4MA0GyKwUEhSmlpreaRMaamVGxKgsN73h1CSoHoYq+pNbx7Ydi6IaA89q+LMQ+jAAQQossYKR8lLmjgmim+hNWa27wQpoSlKR5yp7uguF4MIAgoooPGbPO9Od8uEibu33s1/M845CKAAJ7UPvXjK0OKQXkjY94zuHDXI1B9Us+wuCSRKlRPKEv7/ePLJgyJsZ7d35ccQHY0D5E2ZXYJShHf3pwyoVaCtTsfk8OCIm1CU+N6/rGZKGgL9ncTAmRZPOqv/uNkgAdl8J8OFkiU30F7/8Aji1I/QX4r/vGbRWm05RsfxvGmegQ/i+c2dOXh1BGW/eMimQIXfasnzgggzCFFF4FDZzGedKoWvDeiMm9dphUVQJlUhpUgRTXUxxODBeiwWpFYj8jExuGwSjx9n3iXFuJWfQprTNIFuKYUL1KK0tNu0qj6E+ayqFohGG0LXzXIEoS0xWg8VaqafPnCLLGhNTqg/rjg1mCMNAdHpGX3RMDlUrUTmvVvPGXK1jaA9sym6oCHXptuLRzFpE233v+8YKpRUKt83mOoXcpDcOoOrQtwQS3oKeS2W6tx20QAJrOa7H8YG3UiWLwOGpt/l4dXKxreBN3jMPDFo2VgqwBPq5LyqlBZ4IryYuTKUB1QJ48TDq97CZ4UeF5XxjCMwFgPLH+PGREwHIx4FBHyp9YdqBuoEiBGE9ZDBihCEktiPkn4xveI9V+NFO3Wb2/2lWht32T3jZBxE08cnsxtirULQ0qdPnBHUZVHrUPPjTzGbTB0xtX0Q373jMA4iKVgV0bv1iK3Vsqow86/rBLdOkeg9BSHJgCIJZKSJfP47cczsM/AKRda04fA1EFVR8Xl1qndZuIIwA0QFoGKClipVbPiX2PUli9x2ERIqD470/i5WqAUBQiQiRODGto45JgIoHQtVVm3n1MnLCdD7lAdeFPEctd7vv1A0Ndhq+MdryIAaU2GbqzUC6F0EKX+GFEfEdfvF6NATJIJU9aZh/KgqDtECNgO5vDOpAKWvRTfnTJ41rCrupSLNKQFr33jE4ksqbdm1faIcxiBClTD48T+Zk3yCFtdpu6AnMUJDjkUhZegHmxcvknworFFmz37DwTB6gRdakpxr+guWAFuQpVhIWK0H94/CGpULqkKddRpVeFU4ChqwJp31RJRL7xM3QJAx2cVEip61vKBRHawrpgg1HlusIFtSpUSa17/OAmw0BefGzGRvIGDTxreH6DrR/Mf9bynhFDnqajs+MYLnlADxB8Ty49SaISm0T15+MliB2uTzPL6nnNf4UYpRK73BxdfGIge0mwfOMJGWIDoYk+n24Ttx6Gr7Dz5zVoHy0hPHrEEVNNg3d00+MkoRqqGesGQGpjfBLv5vjFFLA1grCwiQ6QmrcHsgBwIpUobFogaFVFMVGUTaSAoBXd204EkaQmB5BAk8dwIAACJII+WolApPeXQSDWeARoAE070m7gFbQqkFAfM3Y3mKgcgohNyN19ZeohQgsjADRPv1hQzggC3hO3R+sQWBS6M9nciJiQGg9n3r71jXvwIVPCOH5pKbS8APN846qFLaO4vl94VSgWi0FBZ9PrJtwJ4iqJ12y1hXbjugSUCry75rG7EVFULywlfXrbrAPzQEQD4aBVAVl8PMtSgUtO9V8vvx9Ypg6IDZxTavxz3iqzqCFeAfG/o7jiB2IHYM8AaK+8SBbWhPzAqnx+8sZtdjDFYoUfIZcepI2r7DV/WAJw2FH7V/q5dcF6AX6UbJv8YGyQAEnCMe8f4xqo6C83rWLBgs0C2G/j8Zu0reUIiAauzuxKJliCUHBIkkdj91wikRKgNE0gTzdEdYE4Q2yi0R2cno7iMjBAUCBfJdzEukRs0mjxj61lPKoQ2wQ0TpehzKMHR4wg61Y3cl04qoVxJQ3KqDx5bx6sIqIJF4KwkyR50QfiVLvSrYyXBO5p1rqgs6LR+t4408pkIqQipzRbreMTQKMk/P71jEk0ZFJFRHuhff1iRqQB3hKAAjw2aXCzSCSHixzjrfL5xPzJ4UVdRQj+u5uXUtEPgKVZrYcRdOriF6VVRKGoLoKF3l1chFXBWqHjgPy46QmkaQZaobOJ6xpXkWFabXUJ59apgkea0MVIQBCwNDzKCggg0N1owZ2Gt9y2EIED0DzFqXwV7McpsGHfiss4Pr7xLagKhBSDihuTXemOXLgsCmo0ogTcaSYzNMKPVQ0LSPoSXAVDtkUCSu0UXZTjcDWTo0AycKObuvOJYaidR0BJfGLT0NVhY158XS/WRRW0BrAd0ifXnWNZSBCqqgWvXm+tOmX0QXJUdJtZ/wDcwjLYUA/InCjptw3nUVg6qeSRN8biKYjRo2gQGX2PrOYoiAOuGif1jtRxOCbEORifnPJLwsHRN7m53zzGZejwDgPf/jHmjgmVhb86+8ZR5aAfURn4xYzStHbyLJnKkkQq7INW+9EmWTMIw9ET4NmO3OKQwifCgfMoKQHUsP4JBihBF1ENMwuyAtLMbWoqjqbnQcT8rRhKoxKi2p8CQxqoAaEH/RfZPRj6HW1qHtspj9orAA0qmrfw4WBFQYIaJN2h5wS1RoQYFrH+8LU4arTTbs5ZxwpDgdSmyrfH84cHtQg4vLrmv/cFUm0abhvxYoeZgoxSqKbdoVV28vvwcJQtRU4qHxw2swoGiCHXXQHwAUxk8oTSuFLXrt+Zg1PIT5VtfgxxYNQaoCvD4tfi4hIg9B4jwyqeLt1gzzkYXu97dXWTdupbC+X83nwYxzoSYDQXWjn3ivUgckroV2vWfnL2jvQT5Xk9XHtXoAad7fL4xv8A8G0I6BNhgCjrCqz3vZlQq+deGohJw3jBW0PtdGy6vnv4wP2xItbFNUzz09GA+qUkQPgSXEIRnSbYSl2jrT8OGkGbBhlTepvZzIUjVQlbUE7NX6wGIbKWd2q+3AR5qdIgENt65wf63BCwiL4L95EujZXKretXne5KwSwR2tlU3H1jDLUBHmMu5vWNtoCHVSKQqoBu7csm+hILQV5FJL845dGyD2qFS9fbreJNEOjU1/KY5dEm3Nu/Xv3zmOvCM00yBz2epgLQgVYFTvWuf7weSisBAonVoHvkcGoOhBHtTQ91FNcwgq7soibNF6M6X7whKtcTQHLoknhMWmmEjQ0HoULN8Obec7oCqLJroiN2bxW8IVWwNKlQUjDUGYTATDAEIA0Ri7Voq6wKBSuoW0Gx2rqzDQpEECSqokCz0Vnc1yXQaQnkp2aEQtIOeCAJEAD8aa0xybjIIOgoPvjTpnvBJBQNNUurNG6bi+cQfDm2abNi0Ob8yYkAcGu9MStGkmvG5gWO9guajt5Pf9Y2aiNA6qib8XzgWY1sOwFuqjOdHZbMYK4cQKCPdpBRlRJMu2KDoxGQkot93zh4BqwNgE5wOc8OPfEzTZ0gIiRV/BkxkMhoCxULovU9Y3oLzr8Mn8esJgAfG33babQpcSSCMAQRDxsW8eHchYqhRxAEqlLGHXiBvmGQeAAKt2FCYhIJEBPgprxsuEsAQgUbxN32awkepWsR1oEXdOQt5j9pBpGIh5tUTV5g2IBQAaShDYJw7cTiXaPAJ8Xo6mjkdXaUACz0HPny4xUdXfGvQ7Mk9PAST+8Grn2s/wCGMK6GwVNeuY6faAANJEG+OdmBdpQAgHVdvz7cpSarbTsPFLPvNmWLMHVLuC6+MLWCasIqPFS73MJQoVQB3Q+VcLY4QhKKRXVoy4tGwgYpVTwPVcdZsI0GqqkqIb8c7ikQuyiQNeBec1cIQQvH6DWv7ygYoSDzffBoDWrjMlwCgByfrWrfWXPNoBVXy+1wk7INRvSeoI80BN7x6FH3dV0PXz5xgQEkl74vn8Y4sAoNRqAvs9/eWIhdabj584xMHQLr8YHkEEisgI3XknOtzxBpWzVeKxfe3IsypkLVurh+oQM90AbO7v3hsaqteCBWt9HvEoAxoIgANq7PWJnbq9F0BHc/swC0UNBBJSHCbm5iMkA2UfiT3XvrLSApUFD4/wC4wbkjhnpUMHKXQdg9ERj3GktmkBgXR61+8dyCVLDZsNCekSPMGIg8sCDEsmxByaRIarIAmiBUOVq4V1IbHaMElm1TXMoQ2VtO0JtNs+fGM4xKEHyjPHht1hTDpqLgckFAA82+MVZZgQFk35Q3mE99N02KgiHt9ry7xi0k0eETqKTlR1NugEiAfEm+J45UcdoICRScroDxrzXmRzaFQDElXbN6ArMOVB2WmxAo0o6AOOW7SwC2MKpI8FgJMZ/lOQUWhQMIMUfATb9CVliELFeLPKmMe0BIaQ9CItlr8mexSARUSuwWAAw0YdFoCgyyDsFiLuiwpUsKwmjsUfAvPvAAkLOJGWJWstm2XBYFKUCIRhtD4o6xKVtEunq/uH84WIiRp8BiP4B3vW8brAIRKigRTTafOjCTga4kW+QFFd/hwx6EASdDRuk/WE0JIWBIs3B30NX4fHwNXbGdI8XW8d7CAWLo3E2MfjGBEBKj8qat+DCLMGxEDWqzyghd4PMN0CpOgU+/bjzoIyWgAoms2BgwEoxZNx3WtwJEITBnRK9272TxjVWDAIV1ARHtYn1jVSF4a/gwqWo1C348ecpVU8AQymKN3TX1grBrPqmFEFQ9k/nGaDd5iCVCgnTBKFGwlJsdzuFy7QJB+L+MYA1JG1H9nLPdxVoVaCD0vvBTAoCoibSJKfU5iYoOxgCdL++4LYyos026KB5+MWgxXoNrzvO41B8RVBznnW/LgGIc21EEeeGe8IwstfHtwDqoKVfJlrkkDlGx82RXD5kthRNFrCPjrvFYqWBuCfQ+CsCmFW9c0AKXsZNSVy3MZKFd1gQPVcYCYIqoFHQXfPIFwQSyqKpS+l3r5zdeM44ZR2iWJxj6zvaTRffbhO2GrGh62x/I4tNB0QBiRFAp94BUmq6n84fAloSx0mMhrFY2NBvp3hhCiARstHvCXk1j2w6gAr2h764sVbz384srBXiro+DGZSwtUHn6/wC5AkyCSkoLvWoPzgTUNxE30v1lyREbezYB3xigsW1dB9+cD0SqAUhriWevziJqESgwfDBQQsm7l1mS7abq7NaTWc+YFEHadCHzcWlZEgxhBqlYet70UNhyCSDNAM0cpQuGAOgMGqLNg6dYxo2GUkWihYw5MRMumQ4EFlIy7C/kqul3arIFoia9304SpAtdGA2qMEbQG9gyjxqSCjw0d2Q3l8DRzEJBCChUhvDFq+6JvTFAXUTUkg0gqQsKCoWP7xa0CbAlQsm9NuvHvCLkzaFEYFUiedWOHV4gGBRSqlAZtDXDARlRAAKUgubJuescVNaoPbqo2FrqawDWQd6iaGgEUdL58YZNW0hKAjdiCwemwsIUZu6BFE2fLPThtuEERsCgFFBU9Y+DsNiiKegKnLEyQptqBEEjsi3LF18DW6NoBAIFIJsj7Bzu5XTQlEAqkijWjJARArJQ1RKU5vf7wmICNbnFJF3vnLjsVMoCsUHDyhiSA1QingUIb9YhtDgEwFSilDcbIOFKMAm0qqkRLL5T04cSCJJTpBNDPk84gqSExOyr2njFJgdsF+K+9e8vwIoCoHYePnO9gJtr2px1laKKBRhVgJ9Jl8EVbo+nRMB3oNoN/WTqDIoS9rw+cNGE0MYJG12i67h/SdupS7p6+sGRCWUCUfNb53j4u1Ha5DjSIfQs2GPS+lJAAX2gaQnrKmjaQO5fvXcK7S0NoYm50muY0yAkGg7r7q5CHSU2DYj435x0ggJTIil6WbMPcCpNhNUX5w+umJV3DdL584nDFNAYA0tIq6POP1TQZQOaDFrm3cCKDsQdvbhxVFiDZDCKgZKWbV6h/MyDcbhsoodglDheYIy9ICE4VJLv4xeYpAC8ejPIecbIBAqUIg3HsJ4mIKxolA3BUXg1aWTFhQ3GVZX6P5yYza4iKe8diDdx6fnGiCUeJlgq+XWvvBIIP4b4Pe8I3QoBeCv9OOQAFQrAq/W39YzEUIO/Yz1MY2weVD68mMGUFWDPj9Y5FVsRCqKaW+zV+8b1gTxKxH8ZrkidNfj6+MYSI2EV+PJ7mFUA0K1wfafLr1jW5giJrY7PzrFv7OfoGgJPTJ84xtNCiKNBASQUSL4xAdIkqpqFEvs7vuE4NoRFVdQSsOS4kGiG9gvgM5+HK1tUKhPNlLqcNpcIabQUrZtGLTf1cOi3hCEaRIg02b750ATYA6ACjUpK7+e4FUTxCgAhRoQghO7MGR8mj6IRRAQdOZRO4oIaABIdXiJj3BAEinRAkBLIXgN5BQBskKoxCg6Uy7INFXREiQqUNL2uQYhBMI3KCTTTxbZWVpoNg6sCNoR3ZxwJM5W6YCF9EzwHSCZr+qFShYa7OK4XUtwJUDYpCuzw8Xt8OOKIgCAO9w7kyIozVibBRPCl6zXrEaqxKUsR2Prd7hQTi7ISqEtETQWLjCJjgrKILEIDZvVxCIaXBVTQB4kjFkw/Gk+wTh0Ug3zxw/NBDRgBAiUjNiV0n27MUICrbYk5zDJXq3bGFNZAbt7cARuluUeHmvnKKJRAonivh1jUy2kAOqL3vj94TQLyVv55kyJ6CfflH84+1UMU6MnhTQB86RIjk7prg3oiob0zg3FGQixTSII+L7HmS0SQKnEHT4f4wmMHCcKCS3w93h0zBAgTxQj9/vOmgoAVmmTXjL7wVQO79zBby6Ove0u0eMmPQiFaN7Qj0Za487ExAJvb2uI6osJoI8fKYhxzQ6HXn+sorxGQkFpsyrW8GEFZrTA4bx+tU7lFfF+umWwvZoiXk0jqdbhedIBtjpfnDVAdWIlGV1C3/WEjQAGgIWb5/WJS1Qu0QCVHHmAyCgrA8uFLYBE6vOwwi0uzSAKOlpYKzDqThlPxCS/nWF0scERQWvnx6mRwjKgKgJ5s1Dd+8v5PWnGpOP3zJm6FV74WS4+2DtJxPH+8VjEBT05ErzSYL7fjJBBIQxoN/HjE2I1LtSInnpMNxxitAS+RQIed5KkrYKQIfxMYMgwU6eMNIQr45f7x7eQoKnmk7TGhKUE04s/WErkBA1v/AOMM1lTLpxH37wuICntY28PclkAyp6rukUIaxFW0V6RFulYHjxDDQGBNUXl+U86vrD5INUwa7QhEYkdLMFiKhRtuhpsmk3i6kUQiwAarIdm9zKUQIKgkplQ8pxlCjj9jDpaJbsETTKu1kwqiQIAFugtIIqCs1jQNa6g3M0pUB1IYfEsjG2BFIrAsVWZZMACwigu7p9T+Mc2oVFhsDRun3LLk6EIgJUrU2IJ10ceJFaAAtANqiqp1fGMoS27aAPQFpT3bDG57QGbVuEEUGOvQRJcm8g2xukqInKOBVgqgAQpXQom9Qd7U12zqASx4ECRRaOBmGbCCgkAUYhA4OElvJEVxhHFk8P3hoEEag6AAqKhqn3jDcayBrS674mhIMxBMEeIDAk2m081LvNJCFMDQhAAA4kCwxydOgRmgLVVvfTvA3CWsI6jTvOcmGctSug2NBpSe97yikyrKdghsmwE3pcfLjDoeu0BMSKjtAXqcFfR/GKCV1jwBdngXjg1UU0LC3Y8HxL84A7EAnt7+HEqeH00za7D8DHEZoGg0fSes7JlBEPqNE/nHzJK1QPBEAJqBgaoCsJaRYr228dY2WFBMPACaa5jmMwIXrwml9mnJsAkLZCVD5BXzhlhRBlUBqBolcbQNtgT0nE9YrSEDgppLEpjkNIEWPCB7r7ncQKKqEVjEZ6+cW+9Dk6W+4vl2axcdZPwFIdDwusHkbbSR8JXbGzNehqjrXrBgIFogfv1k6wjaoF6gjlI2CKIANhQXzPvDE6NAr2JOmG9nAfEoU7fcwRNUveHSUEfjNbvgggw6kfqj/eXFSqAHCAQJ0n5x73BJSnReL5MLxdB9XxfZlEhRbKtU4e/jDDiOVQfJU3ipkbVAV6l2ofrGiiHQgnoTjgBvi5MoBtTRKab0wWHXCBdvbbM1RDd0IYDrqoAf0OEVSEaKd3ea+t4paSoD2M2KMaTyecm5U68BANqq8hDBUINKlidw2iJoHj1ihUAaIJN+eauIqAZNWHxiTUgAjrtv5CYrmKkVSIaE+JgEBTQIsfvjiNpWovDFrbEnN6Y4l1AqAvNjAi1O00Ry1sZwQCESAVKA9wFKBWIziNFIhrSMFVvSouid6B0EPvBho7IHcQUIZ5CPmTNhwA92LYG2yb93HjXBQTLvU67De95NQTMGgKUo0dwTyzCEyoAfRAAYvbv98asJUkVCkiToXxhNm6o3SIFQh1Y78zLMMpiIlChTwAd0eUR2U4gOkKa7gR2uEdU1pEEAFSBo7kE4VCFIrEYOrWyxmKUyo5A0AsFFdVbXbgMj8nwQgAgLU4dd5ZQBVVShOlnSUeHOVcFI0QCtBQxQ1rPS2sRu2u0vh1ovMkCAUtAqr6r5fODwe3CKndBz/bjYBJtdDQEVVJDd9Y/TCRaDhi26gLaYhUINKGyqA+fGApUBzNxBatePjC0VUA2XpZ8cyjGQYgU9wdHxiQMOBoenwvzjONAkLX59fiYGIoSKIaBPJhnp7MEJGEtftMbHlK7/AHi7At0m3JJEoD95VTsmx8Y0iLeIH85rQOKk35xtNCdVa+rzeHbwY0vVDbruRri+GP5yp/JTQ1UusN2oLwfWCDVeU0ZKjZUNJtB1+cRQSCUm/H/mJZCAg2hZU8YUgUjCm16Q/vJmgyxQKAw3PFvckgLUCj/GRhE1YJqgf9wkrE2qY/P/AJjibSVRoHy+L7mL1EJVqzSIgt9You9YBOlIJtBp5wrwtky75EI/OTsr+KvhjfvcxwmQ1niu07+S5BcpUYjXIm37MRbyrQDOQjPzh7gaIAMZYe8HgJAWjtpdvj95t98Q06M98/OFOLhACgBBna3fjIUU1wlkJz0Bow0YJRYrqQreazTD2FKOVNyvDGgdEKI1pQ63Q+seimBA2Ci9iyfP3k8IAUVJoI1zxw1gGOKbYjRPP37xGZVCkF2RtancdKJSTXYxEd9SfOJlZUCkCvRFnNzWMx1IiAZAWL2O0cjw210QokooiTTl4opgkF8FyR+0E8bugbnj04JHMXdAUNybZUr1w5ZwJPSo1KKRSIAmsbhbCAO0TVC3n1cVrjasooiFG63PsxCCIF0oqikpd+MgV6jDtV6tUstaYQfUcNtGADHQG9fOC0GVqIEKRHTOgYREhCQAAOknvZD7xpLKPQa7EJ5BAoTEVLxVnVRAxLOvg94lnOACbVbxfGx93WORGQeGhEEu/j3l6NWKgCniBD4wUCpBuuAIM75xpgi1WUVIG2bvm4Uthr0Tz5wHHAEIgGh0e/rRjgbm0pNQXZ8OF7ABBUsVXgG4G31iGtTQqEpKj53isuZAqgG4d+fy4VAlVLpG6Tq0+sApKiTafH37xCiEoJC9G7v4Pzg2SL7GXjkBXfy7yycFJkBTYJVXz55vILQgD1hokqB8EGDhzFli9FUK1boAMVpYQciIaNkN73QSYdTkIER4V/8AvnDIs0SjfXMsJDG6gB94gRJYK4UhJmgk2ebz5MCkh7WU+nY/WC3RutCillfAYgG0iMPyI4yRLydC+tYJtKlhD2+HD5gCeD8vEfGKLVBIfaWGFEQiRQVgjTJtoExPpSU9OOa4tUBPCzXPWTYCdC+vjWVEOo7I+j3cpG00hfz4cNRhXYrsd+cohK1H8zeDp7FKgnmGIYW70fXAvzZkJeAWgXxwr/OSVWx5TYHLjJiiMo+J+cbEDSE3wnZ5XrzmUwVdlEja6I8bclaGoEFfB4C6PGD2HsgliPpJ494Z64BBugH05MPgVysxNG28XnnFYmRJAmwkJvFPSWLGn9a8Y/AlltAQoB0u3AzjaWA2DYqHI13rD6uwIQD1sLoxWGuimEGwa2pUotx+VJSyCKrdEihQDuO9pFCdkigjkHCkBBDp5Ap3JPmrlKIUKSCEpsTJC38aNFSaEXs5g4EGgabQJwTfzltUxgAtng2yjfW8SwyIcJFgZOGcR04YwYG5EWotRdq8hvIaoQaNGo7VV/WF5CIEJW6OqN2ac2E4U33epjIFDYAE8Cm+ecVEBFNU4Wqb+tYdjJsrRWvwD841480Aej59esJ5brAouoTWu+3G1pQqjYIPHljMKi5HaQiI8Xb4xi0pVSjZRkZ2auKgJtppCejU84vMBOAOtJonnFMgXFVVQEfRPeSODWwmx9hNXmChgD4FF2l74wq5VGw1t3+g+8NAdGwFmil3rvN4cIkkBrTDGJHerkkRFlwnW0KDJpe4aDcoddiIMY1+sa6Em0YAnp6YfDWOnl9zEASUh4iWj+sIagDtt+LsuRF768x+jzjIG1eMfVDWLL3EdM1YpTes3+BsbadV8/3jb63qtETvUXCUeIyo+hrU9YKrEaEqfAOw+s3iGyO63W8SgFX3U74ctchIFJuVxgoEtej94UXRyJuMjEFFUCZuBwWo+PRccQTw1C7LLMhpNAknE3p+cbJWAAF5PeEqdSMjfhxqE2CkoeDyPvG7b0jWAlihj9Hk/GAV0lJTivVwmBUAynh8/WI7RIKNzR1xDBcTQd8a+nD0wuiBH4zcVhUUn8+MPjA/R65kEN4WO338YHhQsk/aTL6pGCgPyecE0+q4AfLLjNZEM1LAtMS+90C8NGz65g6iEY1Bwm0FoWBVLp0LibFVINjgIbXDjIACIHqi8D95IOYhS8AoPA+MKIxTK1bpOe5hvcQEI/CY4GakRPQh3R084wKVeAwNgi70+sZSoerWkuhKxMo1ADATaLs34x6EZNs3aOtmqeLhUeRCqsVC7OfOFjoxQAoVYnoZMcJx5CVU0jRjkK1pigFQOtzv4wJlxFgXoWeO/JrCoxFAumyoInENZZsYTYiJCbBnjGVzbRjdS1u62XfxjEQqBRKO62E0/eJeatgPUeCsMvrBoE0+C4I0gEALF0d1q5GglRCT4+cmFkDiL2Rb47hxBmlI7O/WAGAGo1iPjz4w+/KiKsE+OCTWc8RdN8FfXvzm4jCaia3Q3Jl/AC2IQ3ph3C8qWGQdwGOGSogmlm6eK4e6LQWmgFA0JN78YSZhVxIAFsoOheaMu/Hw6RRGMXfGuUMiUuglVVe+DFVSBCpBEUqsYHWsw3TYJkUoBi+9k1rAhoUAgRJEBH9mC0RkNLDClmg1gRUFoTYfOJYCKAj+8ZpVEAU9571isijDt/N31xGESh8NMYCVA1FEHsqu3rk4BCEbpr/vLSolm5jAAPgEPHL4wiTxDbv7xgGEdnc2RiDO9wRTQQBW8AD7xQQjBRM9XuE2LvZPTvAIIOBAfbim6ixPfz5mRAHoHnxjWvxKFQe5PpCIJk2UfAm8LwGCWfn3j6rETBPIecseElEh8PRyVNRNJtAND33h3QrO/ERqfeKtsoFMNlTiZOhMjRAib/rFsizFva+bhKogUNYmhk7TP3hbc7mR9kc+jIc5CCGmgLsySSVlJXbbMi0AlnmilT5MYWVIFuqfGEyo3jDUTynvJWFU86lWoH85bJQKMF78HzlkYALYdRXZgIkrJ0dAtXCAHgEgnmtY2R0ASlBPBzmfc+zHiOgHduGTVEFIoVefnDMphRt0PN9jjJDRaDPCG+/OVcBDtOAKvl8YNChtTS0QUd/HMFiJYCAsCEfYjvC9CERUTegQ+/PvEBEW2gulPmecMRYRsBBh2IX6yVLhFAa6bR5OTDuhQ0NeN83xxuERwXuu1/GCWoqtEvNrXx4Mo7U2BT51p/OLV3ROg/oxwPCiKeS3yfGMSwNcHybjTLdtBXQDoB2rgnJgDxFEFZSfWJMQDRT5fC/Lh4Qq3R8Muu9xlJjRiv49es8zw3kfP47gMGBCunQfGjjgExIICB7+c3KNcoAN+PesgQ3ZYRnj0/OMiahNVfJfPzjK7ZCj1gbdfeA0pQ+ZSprXI24UGmwADYDdXxik9wqPoj7w64NZyckiJd6xIT0F+1h5XGTQIQfiXprHEeyE2rv7xGiBO9yejA2xhoXT8fzjoou9y3/zJvRH2cwgwCfJs378YexOsb+MBXYU0m4Y/URrdmvrAigZqV39uGkI1YGj6w4ir5eYCBA9RwcduxSvu9x63JLuPOlsfnHdWSapG/8Axh81ViAXcHr7Ezq5SBV8nq+vecZ0uvD8ZbSjtSgZISoNRH5mUoQLzfwwwCrGUws7mI/g+7jPYJA7MYogm9usJEFjwrrBBEXgbcVFE9ecTZG6dH0zC9PtoHynnDA28EPJ4zg6p4oess4DalFOYTCLdbfLHAt1E0B8i2g4USXdRfi9nxlNkGAdImx06cMpLrp/4frHCvten+sPQk8afrmWilsADEoAA7W3KARFfG8KMZ5bf1m5ceIkwoEVo0QxkrChEPFrT04FEIMhedN4FWAqKtbVXJzOpXoFDD3rDIQd6F9ur+Jg2KKFD4U0z3lFDTvGiCrdlxlFfzrIIGPlwofTCqTFacaGNkUNb+cbrXVD4ANBPjNxn0evNdD4HGR66B0PxYYwUX7NuGxGhMB8Fn8ZBgg9ykvdyKy61vDWDt44eYhYmh9esVMUxTDfy3BT17wka68Y9eTz5/DnJaHzhIj0Ej+HAiiVAAPwGMNkIhd4MutAtB+07ixR3St15riRHk8PkPH4yWevQbJPfvAaECej9ZJa+C9+3xiZJracMHZdDmHlELrzjigHAP8AhgEgFF65cIhuu3DpkwxTt/k/nEhadSbWY5DX3eubmNMpU28jtbzWbgRzaETFICQ5vmLujA2TDaPHzhZyBQu9+MZug0Iz95VRGktHDohftmAmh1UpgejpHm/WSY2/OKuoeZ5wylTU1iJiq7LkrQqvUwIxEQf85mrVfKh+23EkrXqnFSCt8lcYwEPWFKy+7iCN4HFoPcly0LeCMGTEZMPPMGrZ5B3klVFlnnNCAFGdzTzsstx3QGk1hNAGvmesZrfCmn6yo7MYFEMKQDPnHXUP1cFAlOOsI8DkcUoITGXCYdVfOMNEJ41gts184pLS/WFQHMBJD4nMsAYaAd/rKoFrqS4Ayx71kwnwJgRVj4uJCmJ7xiV5gAsX36xLRFPfvNdYVt9Zaio/eEAnnAPrNgHR4caBKfDTAMDVyxpfiZPTS+yZRv8ABiUeMQxYPFWZNtPxjl6vgwXawwkr18YkziZwBv2YycDvziJdh6ze4Gt4CnngNYJU4uErR8AMqWDPWGuk35O5rqAzsxKbuCCLwAdy6B0D3DYUstP1iVttAo/rmRbhCvMIVHyNw+QnN4AOzyGSxNuElJOY2g39pjuwPG8FgqfeCsX7MGtN+NY3KfWs9lO3HlIHy4rR6XDRM/nFa4mXhRPeLFRrNesPa3t44YV4KdTDqQYJ4+ce4HquHUQ+t09YH+GqYqUCx9HziF7/AHm4K6e7w7cdLzH/ANKKYibN+/GMQhOiU/eN1N+TNehZ6yKbPm5o6p+8SLx+sXyzJuzHFR2P84+v5wQd/RioEP8A3FP4fGBCXDRKuOYDqoJr04cgCRL0zY9n3iV/vEODzJ4l/GKIP8YxgSYxMZX0Kp7h8DASiYybzJYwTziDRQAS+xwyhPGBCqV4Yikt85u0k1LnkKcuFe3X3zKTbPWJWnNGMrFj3GrOzGxSHcVKjvuOqleA5AUfGXS4gvz3nX7zlnDPDOM/mH+Dl+8P7Zy+v8ycc651jznD9Y4/vztzp95/e5zw4+s/hH95x+z/ABOP3nL6/wAXp954zjn8R/v/AAf755feHnHv4zyz/XOmPGGcn/3n/DgzvPOOGOs/1zhw5n/M/sz+B/g/8x5nXPP/AB/tzl/iOP3nDOWcGc/v/H/TOfw/4vPP4mPXDH//2Q==\" /></p>\r\n\r\n<p>ตรงกันข้ามกับความเชื่อที่นิยมกัน Lorem Ipsum ไม่ได้เป็นเพียงแค่ชุดตัวอักษรที่สุ่มขึ้นมามั่วๆ แต่หากมีที่มาจากวรรณกรรมละตินคลาสสิกชิ้นหนึ่งในยุค 45 ปีก่อนคริสตศักราช ทำให้มันมีอายุถึงกว่า 2000 ปีเลยทีเดียว ริชาร์ด แมคคลินท็อค ศาสตราจารย์ชาวละติน จากวิทยาลัยแฮมพ์เด็น-ซิดนีย์ ในรัฐเวอร์จิเนียร์ นำคำภาษาละตินคำว่า consectetur ซึ่งหาคำแปลไม่ได้จาก Lorem Ipsum ตอนหนึ่งมาค้นเพิ่มเติม โดยตรวจเทียบกับแหล่งอ้างอิงต่างๆ ในวรรณกรรมคลาสสิก และค้นพบแหล่งข้อมูลที่ไร้ข้อกังขาว่า Lorem Ipsum นั้นมาจากตอนที่ 1.10.32 และ 1.10.33 ของเรื่อง &quot;de Finibus Bonorum et Malorum&quot; (The Extremes of Good and Evil) ของ ซิเซโร ที่แต่งไว้เมื่อ 45 ปีก่อนคริสตศักราช หนังสือเล่มนี้เป็นเรื่องราวที่ว่าด้วยทฤษฎีแห่งจริยศาสตร์ ซึ่งเป็นที่นิยมมากในยุคเรเนสซองส์ บรรทัดแรกของ Lorem Ipsum &quot;Lorem ipsum dolor sit amet..&quot; ก็มาจากบรรทัดหนึ่งในตอนที่ 1.10.32 นั่นเอง</p>\r\n', 'admin', 29, 'blogsImages/tiger-2535888_1280.jpg', '2022-03-12 20:15:42.819976', 5);
INSERT INTO `blogs_blogs` (`id`, `name`, `description`, `content`, `writer`, `views`, `image`, `created`, `category_id`) VALUES
(29, 'การตกแต่งผักและผลไม้', 'มีหลักฐานที่เป็นข้อเท็จจริงยืนยันมานานแล้ว ว่าเนื้อหาที่อ่านรู้เรื่องนั้นจะไปกวนสมาธิของคนอ่านให้เขวไปจากส่วนที้เป็น Layout เรานำ Lorem Ipsum มาใช้เพราะความที่มันมีการกระจายของตัวอักษรธรรมดาๆ แบบพอประมาณ ซึ่งเอามาใช้แทนการเขียนว่า ‘ตรงนี้เป็นเนื้อหา, ตรงนี้เป็นเนื้อหา\' ได้ และยังทำให้มองดูเหมือนกับภาษาอังกฤษที่อ่านได้ปกติ', '<h2>Lorem Ipsum คืออะไร?</h2>\r\n\r\n<p>Lorem Ipsum คือ เนื้อหาจำลองแบบเรียบๆ ที่ใช้กันในธุรกิจงานพิมพ์หรืองานเรียงพิมพ์ มันได้กลายมาเป็นเนื้อหาจำลองมาตรฐานของธุรกิจดังกล่าวมาตั้งแต่ศตวรรษที่ 16 เมื่อเครื่องพิมพ์โนเนมเครื่องหนึ่งนำรางตัวพิมพ์มาสลับสับตำแหน่งตัวอักษรเพื่อทำหนังสือตัวอย่าง Lorem Ipsum อยู่ยงคงกระพันมาไม่ใช่แค่เพียงห้าศตวรรษ แต่อยู่มาจนถึงยุคที่พลิกโฉมเข้าสู่งานเรียงพิมพ์ด้วยวิธีทางอิเล็กทรอนิกส์ และยังคงสภาพเดิมไว้อย่างไม่มีการเปลี่ยนแปลง มันได้รับความนิยมมากขึ้นในยุค ค.ศ. 1960 เมื่อแผ่น Letraset วางจำหน่ายโดยมีข้อความบนนั้นเป็น Lorem Ipsum และล่าสุดกว่านั้น คือเมื่อซอฟท์แวร์การทำสื่อสิ่งพิมพ์ (Desktop Publishing) อย่าง Aldus PageMaker ได้รวมเอา Lorem Ipsum เวอร์ชั่นต่างๆ เข้าไว้ในซอฟท์แวร์ด้วย</p>\r\n', 'admin', 11, 'blogsImages/cook-2364221_640.jpg', '2022-03-12 20:17:08.689323', 4),
(30, 'การตกแต่งและจัดจานอาหารให้สวยงาม', 'มีหลักฐานที่เป็นข้อเท็จจริงยืนยันมานานแล้ว ว่าเนื้อหาที่อ่านรู้เรื่องนั้นจะไปกวนสมาธิของคนอ่านให้เขวไปจากส่วนที้เป็น Layout เรานำ Lorem Ipsum มาใช้เพราะความที่มันมีการกระจายของตัวอักษรธรรมดาๆ แบบพอประมาณ ซึ่งเอามาใช้แทนการเขียนว่า ‘ตรงนี้เป็นเนื้อหา, ตรงนี้เป็นเนื้อหา\' ได้ และยังทำให้มองดูเหมือนกับภาษาอังกฤษที่อ่านได้ปกติ', '<h2>Lorem Ipsum คืออะไร?</h2>\r\n\r\n<p>Lorem Ipsum คือ เนื้อหาจำลองแบบเรียบๆ ที่ใช้กันในธุรกิจงานพิมพ์หรืองานเรียงพิมพ์ มันได้กลายมาเป็นเนื้อหาจำลองมาตรฐานของธุรกิจดังกล่าวมาตั้งแต่ศตวรรษที่ 16 เมื่อเครื่องพิมพ์โนเนมเครื่องหนึ่งนำรางตัวพิมพ์มาสลับสับตำแหน่งตัวอักษรเพื่อทำหนังสือตัวอย่าง Lorem Ipsum อยู่ยงคงกระพันมาไม่ใช่แค่เพียงห้าศตวรรษ แต่อยู่มาจนถึงยุคที่พลิกโฉมเข้าสู่งานเรียงพิมพ์ด้วยวิธีทางอิเล็กทรอนิกส์ และยังคงสภาพเดิมไว้อย่างไม่มีการเปลี่ยนแปลง มันได้รับความนิยมมากขึ้นในยุค ค.ศ. 1960 เมื่อแผ่น Letraset วางจำหน่ายโดยมีข้อความบนนั้นเป็น Lorem Ipsum และล่าสุดกว่านั้น คือเมื่อซอฟท์แวร์การทำสื่อสิ่งพิมพ์ (Desktop Publishing) อย่าง Aldus PageMaker ได้รวมเอา Lorem Ipsum เวอร์ชั่นต่างๆ เข้าไว้ในซอฟท์แวร์ด้วย</p>\r\n', 'admin', 0, 'blogsImages/food-1406883_960_720.jpg', '2022-03-12 20:18:42.527227', 4),
(31, 'AI เทคโนโลยีเปลี่ยนโลก', 'มีหลักฐานที่เป็นข้อเท็จจริงยืนยันมานานแล้ว ว่าเนื้อหาที่อ่านรู้เรื่องนั้นจะไปกวนสมาธิของคนอ่านให้เขวไปจากส่วนที้เป็น Layout เรานำ Lorem Ipsum มาใช้เพราะความที่มันมีการกระจายของตัวอักษรธรรมดาๆ แบบพอประมาณ ซึ่งเอามาใช้แทนการเขียนว่า ‘ตรงนี้เป็นเนื้อหา, ตรงนี้เป็นเนื้อหา\' ได้ และยังทำให้มองดูเหมือนกับภาษาอังกฤษที่อ่านได้ปกติ', '<h2>Lorem Ipsum คืออะไร?</h2>\r\n\r\n<p>Lorem Ipsum คือ เนื้อหาจำลองแบบเรียบๆ ที่ใช้กันในธุรกิจงานพิมพ์หรืองานเรียงพิมพ์ มันได้กลายมาเป็นเนื้อหาจำลองมาตรฐานของธุรกิจดังกล่าวมาตั้งแต่ศตวรรษที่ 16 เมื่อเครื่องพิมพ์โนเนมเครื่องหนึ่งนำรางตัวพิมพ์มาสลับสับตำแหน่งตัวอักษรเพื่อทำหนังสือตัวอย่าง Lorem Ipsum อยู่ยงคงกระพันมาไม่ใช่แค่เพียงห้าศตวรรษ แต่อยู่มาจนถึงยุคที่พลิกโฉมเข้าสู่งานเรียงพิมพ์ด้วยวิธีทางอิเล็กทรอนิกส์ และยังคงสภาพเดิมไว้อย่างไม่มีการเปลี่ยนแปลง มันได้รับความนิยมมากขึ้นในยุค ค.ศ. 1960 เมื่อแผ่น Letraset วางจำหน่ายโดยมีข้อความบนนั้นเป็น Lorem Ipsum และล่าสุดกว่านั้น คือเมื่อซอฟท์แวร์การทำสื่อสิ่งพิมพ์ (Desktop Publishing) อย่าง Aldus PageMaker ได้รวมเอา Lorem Ipsum เวอร์ชั่นต่างๆ เข้าไว้ในซอฟท์แวร์ด้วย</p>\r\n', 'admin', 0, 'blogsImages/robot-4757878_960_720.jpg', '2022-03-12 20:20:19.580525', 2),
(32, 'การทำอาหารให้ดูน่ารับประทาน', 'มีหลักฐานที่เป็นข้อเท็จจริงยืนยันมานานแล้ว ว่าเนื้อหาที่อ่านรู้เรื่องนั้นจะไปกวนสมาธิของคนอ่านให้เขวไปจากส่วนที้เป็น Layout เรานำ Lorem Ipsum มาใช้เพราะความที่มันมีการกระจายของตัวอักษรธรรมดาๆ แบบพอประมาณ ซึ่งเอามาใช้แทนการเขียนว่า ‘ตรงนี้เป็นเนื้อหา, ตรงนี้เป็นเนื้อหา\' ได้ และยังทำให้มองดูเหมือนกับภาษาอังกฤษที่อ่านได้ปกติ', '<h2>Lorem Ipsum คืออะไร?</h2>\r\n\r\n<p>Lorem Ipsum คือ เนื้อหาจำลองแบบเรียบๆ ที่ใช้กันในธุรกิจงานพิมพ์หรืองานเรียงพิมพ์ มันได้กลายมาเป็นเนื้อหาจำลองมาตรฐานของธุรกิจดังกล่าวมาตั้งแต่ศตวรรษที่ 16 เมื่อเครื่องพิมพ์โนเนมเครื่องหนึ่งนำรางตัวพิมพ์มาสลับสับตำแหน่งตัวอักษรเพื่อทำหนังสือตัวอย่าง Lorem Ipsum อยู่ยงคงกระพันมาไม่ใช่แค่เพียงห้าศตวรรษ แต่อยู่มาจนถึงยุคที่พลิกโฉมเข้าสู่งานเรียงพิมพ์ด้วยวิธีทางอิเล็กทรอนิกส์ และยังคงสภาพเดิมไว้อย่างไม่มีการเปลี่ยนแปลง มันได้รับความนิยมมากขึ้นในยุค ค.ศ. 1960 เมื่อแผ่น Letraset วางจำหน่ายโดยมีข้อความบนนั้นเป็น Lorem Ipsum และล่าสุดกว่านั้น คือเมื่อซอฟท์แวร์การทำสื่อสิ่งพิมพ์ (Desktop Publishing) อย่าง Aldus PageMaker ได้รวมเอา Lorem Ipsum เวอร์ชั่นต่างๆ เข้าไว้ในซอฟท์แวร์ด้วย</p>\r\n', 'admin', 0, 'blogsImages/fried-prawn-1737593_960_720.jpg', '2022-03-12 20:21:25.395330', 4),
(33, 'เกาะอะไรก็ไม่รู้ววว', 'มีหลักฐานที่เป็นข้อเท็จจริงยืนยันมานานแล้ว ว่าเนื้อหาที่อ่านรู้เรื่องนั้นจะไปกวนสมาธิของคนอ่านให้เขวไปจากส่วนที้เป็น Layout เรานำ Lorem Ipsum มาใช้เพราะความที่มันมีการกระจายของตัวอักษรธรรมดาๆ แบบพอประมาณ ซึ่งเอามาใช้แทนการเขียนว่า ‘ตรงนี้เป็นเนื้อหา, ตรงนี้เป็นเนื้อหา\' ได้ และยังทำให้มองดูเหมือนกับภาษาอังกฤษที่อ่านได้ปกติ', '<h2>Lorem Ipsum คืออะไร?</h2>\r\n\r\n<p>Lorem Ipsum คือ เนื้อหาจำลองแบบเรียบๆ ที่ใช้กันในธุรกิจงานพิมพ์หรืองานเรียงพิมพ์ มันได้กลายมาเป็นเนื้อหาจำลองมาตรฐานของธุรกิจดังกล่าวมาตั้งแต่ศตวรรษที่ 16 เมื่อเครื่องพิมพ์โนเนมเครื่องหนึ่งนำรางตัวพิมพ์มาสลับสับตำแหน่งตัวอักษรเพื่อทำหนังสือตัวอย่าง Lorem Ipsum อยู่ยงคงกระพันมาไม่ใช่แค่เพียงห้าศตวรรษ แต่อยู่มาจนถึงยุคที่พลิกโฉมเข้าสู่งานเรียงพิมพ์ด้วยวิธีทางอิเล็กทรอนิกส์ และยังคงสภาพเดิมไว้อย่างไม่มีการเปลี่ยนแปลง มันได้รับความนิยมมากขึ้นในยุค ค.ศ. 1960 เมื่อแผ่น Letraset วางจำหน่ายโดยมีข้อความบนนั้นเป็น Lorem Ipsum และล่าสุดกว่านั้น คือเมื่อซอฟท์แวร์การทำสื่อสิ่งพิมพ์ (Desktop Publishing) อย่าง Aldus PageMaker ได้รวมเอา Lorem Ipsum เวอร์ชั่นต่างๆ เข้าไว้ในซอฟท์แวร์ด้วย</p>\r\n', 'admin', 0, 'blogsImages/polynesia-3021072_640.jpg', '2022-03-12 20:22:20.731259', 1),
(34, 'สวนทานตะวัน', 'มีหลักฐานที่เป็นข้อเท็จจริงยืนยันมานานแล้ว ว่าเนื้อหาที่อ่านรู้เรื่องนั้นจะไปกวนสมาธิของคนอ่านให้เขวไปจากส่วนที้เป็น Layout เรานำ Lorem Ipsum มาใช้เพราะความที่มันมีการกระจายของตัวอักษรธรรมดาๆ แบบพอประมาณ ซึ่งเอามาใช้แทนการเขียนว่า ‘ตรงนี้เป็นเนื้อหา, ตรงนี้เป็นเนื้อหา\' ได้ และยังทำให้มองดูเหมือนกับภาษาอังกฤษที่อ่านได้ปกติ', '<h2>Lorem Ipsum คืออะไร?</h2>\r\n\r\n<p>Lorem Ipsum คือ เนื้อหาจำลองแบบเรียบๆ ที่ใช้กันในธุรกิจงานพิมพ์หรืองานเรียงพิมพ์ มันได้กลายมาเป็นเนื้อหาจำลองมาตรฐานของธุรกิจดังกล่าวมาตั้งแต่ศตวรรษที่ 16 เมื่อเครื่องพิมพ์โนเนมเครื่องหนึ่งนำรางตัวพิมพ์มาสลับสับตำแหน่งตัวอักษรเพื่อทำหนังสือตัวอย่าง Lorem Ipsum อยู่ยงคงกระพันมาไม่ใช่แค่เพียงห้าศตวรรษ แต่อยู่มาจนถึงยุคที่พลิกโฉมเข้าสู่งานเรียงพิมพ์ด้วยวิธีทางอิเล็กทรอนิกส์ และยังคงสภาพเดิมไว้อย่างไม่มีการเปลี่ยนแปลง มันได้รับความนิยมมากขึ้นในยุค ค.ศ. 1960 เมื่อแผ่น Letraset วางจำหน่ายโดยมีข้อความบนนั้นเป็น Lorem Ipsum และล่าสุดกว่านั้น คือเมื่อซอฟท์แวร์การทำสื่อสิ่งพิมพ์ (Desktop Publishing) อย่าง Aldus PageMaker ได้รวมเอา Lorem Ipsum เวอร์ชั่นต่างๆ เข้าไว้ในซอฟท์แวร์ด้วย</p>\r\n', 'admin', 0, 'blogsImages/sunflowers-3640938_960_720.jpg', '2022-03-12 20:24:24.586839', 1),
(35, 'ปลูกป่ากันเถอะ', 'มีหลักฐานที่เป็นข้อเท็จจริงยืนยันมานานแล้ว ว่าเนื้อหาที่อ่านรู้เรื่องนั้นจะไปกวนสมาธิของคนอ่านให้เขวไปจากส่วนที้เป็น Layout เรานำ Lorem Ipsum มาใช้เพราะความที่มันมีการกระจายของตัวอักษรธรรมดาๆ แบบพอประมาณ ซึ่งเอามาใช้แทนการเขียนว่า ‘ตรงนี้เป็นเนื้อหา, ตรงนี้เป็นเนื้อหา\' ได้ และยังทำให้มองดูเหมือนกับภาษาอังกฤษที่อ่านได้ปกติ', '<h2>Lorem Ipsum คืออะไร?</h2>\r\n\r\n<p>Lorem Ipsum คือ เนื้อหาจำลองแบบเรียบๆ ที่ใช้กันในธุรกิจงานพิมพ์หรืองานเรียงพิมพ์ มันได้กลายมาเป็นเนื้อหาจำลองมาตรฐานของธุรกิจดังกล่าวมาตั้งแต่ศตวรรษที่ 16 เมื่อเครื่องพิมพ์โนเนมเครื่องหนึ่งนำรางตัวพิมพ์มาสลับสับตำแหน่งตัวอักษรเพื่อทำหนังสือตัวอย่าง Lorem Ipsum อยู่ยงคงกระพันมาไม่ใช่แค่เพียงห้าศตวรรษ แต่อยู่มาจนถึงยุคที่พลิกโฉมเข้าสู่งานเรียงพิมพ์ด้วยวิธีทางอิเล็กทรอนิกส์ และยังคงสภาพเดิมไว้อย่างไม่มีการเปลี่ยนแปลง มันได้รับความนิยมมากขึ้นในยุค ค.ศ. 1960 เมื่อแผ่น Letraset วางจำหน่ายโดยมีข้อความบนนั้นเป็น Lorem Ipsum และล่าสุดกว่านั้น คือเมื่อซอฟท์แวร์การทำสื่อสิ่งพิมพ์ (Desktop Publishing) อย่าง Aldus PageMaker ได้รวมเอา Lorem Ipsum เวอร์ชั่นต่างๆ เข้าไว้ในซอฟท์แวร์ด้วย</p>\r\n', 'admin', 0, 'blogsImages/hands-1838659_640.jpg', '2022-03-12 20:26:52.994721', 3),
(36, 'ที่ไหนไม่รู้ แต่น่าไปมาก', 'มีหลักฐานที่เป็นข้อเท็จจริงยืนยันมานานแล้ว ว่าเนื้อหาที่อ่านรู้เรื่องนั้นจะไปกวนสมาธิของคนอ่านให้เขวไปจากส่วนที้เป็น Layout เรานำ Lorem Ipsum มาใช้เพราะความที่มันมีการกระจายของตัวอักษรธรรมดาๆ แบบพอประมาณ ซึ่งเอามาใช้แทนการเขียนว่า ‘ตรงนี้เป็นเนื้อหา, ตรงนี้เป็นเนื้อหา\' ได้ และยังทำให้มองดูเหมือนกับภาษาอังกฤษที่อ่านได้ปกติ', '<h2>Lorem Ipsum คืออะไร?</h2>\r\n\r\n<p>Lorem Ipsum คือ เนื้อหาจำลองแบบเรียบๆ ที่ใช้กันในธุรกิจงานพิมพ์หรืองานเรียงพิมพ์ มันได้กลายมาเป็นเนื้อหาจำลองมาตรฐานของธุรกิจดังกล่าวมาตั้งแต่ศตวรรษที่ 16 เมื่อเครื่องพิมพ์โนเนมเครื่องหนึ่งนำรางตัวพิมพ์มาสลับสับตำแหน่งตัวอักษรเพื่อทำหนังสือตัวอย่าง Lorem Ipsum อยู่ยงคงกระพันมาไม่ใช่แค่เพียงห้าศตวรรษ แต่อยู่มาจนถึงยุคที่พลิกโฉมเข้าสู่งานเรียงพิมพ์ด้วยวิธีทางอิเล็กทรอนิกส์ และยังคงสภาพเดิมไว้อย่างไม่มีการเปลี่ยนแปลง มันได้รับความนิยมมากขึ้นในยุค ค.ศ. 1960 เมื่อแผ่น Letraset วางจำหน่ายโดยมีข้อความบนนั้นเป็น Lorem Ipsum และล่าสุดกว่านั้น คือเมื่อซอฟท์แวร์การทำสื่อสิ่งพิมพ์ (Desktop Publishing) อย่าง Aldus PageMaker ได้รวมเอา Lorem Ipsum เวอร์ชั่นต่างๆ เข้าไว้ในซอฟท์แวร์ด้วย</p>\r\n', 'admin', 0, 'blogsImages/rice-terraces-3466518_960_720.jpg', '2022-03-12 20:28:03.303584', 1),
(37, 'นกกำลังทำอะไรอยู่?', 'มีหลักฐานที่เป็นข้อเท็จจริงยืนยันมานานแล้ว ว่าเนื้อหาที่อ่านรู้เรื่องนั้นจะไปกวนสมาธิของคนอ่านให้เขวไปจากส่วนที้เป็น Layout เรานำ Lorem Ipsum มาใช้เพราะความที่มันมีการกระจายของตัวอักษรธรรมดาๆ แบบพอประมาณ ซึ่งเอามาใช้แทนการเขียนว่า ‘ตรงนี้เป็นเนื้อหา, ตรงนี้เป็นเนื้อหา\' ได้ และยังทำให้มองดูเหมือนกับภาษาอังกฤษที่อ่านได้ปกติ', '<h2>Lorem Ipsum คืออะไร?</h2>\r\n\r\n<p>Lorem Ipsum คือ เนื้อหาจำลองแบบเรียบๆ ที่ใช้กันในธุรกิจงานพิมพ์หรืองานเรียงพิมพ์ มันได้กลายมาเป็นเนื้อหาจำลองมาตรฐานของธุรกิจดังกล่าวมาตั้งแต่ศตวรรษที่ 16 เมื่อเครื่องพิมพ์โนเนมเครื่องหนึ่งนำรางตัวพิมพ์มาสลับสับตำแหน่งตัวอักษรเพื่อทำหนังสือตัวอย่าง Lorem Ipsum อยู่ยงคงกระพันมาไม่ใช่แค่เพียงห้าศตวรรษ แต่อยู่มาจนถึงยุคที่พลิกโฉมเข้าสู่งานเรียงพิมพ์ด้วยวิธีทางอิเล็กทรอนิกส์ และยังคงสภาพเดิมไว้อย่างไม่มีการเปลี่ยนแปลง มันได้รับความนิยมมากขึ้นในยุค ค.ศ. 1960 เมื่อแผ่น Letraset วางจำหน่ายโดยมีข้อความบนนั้นเป็น Lorem Ipsum และล่าสุดกว่านั้น คือเมื่อซอฟท์แวร์การทำสื่อสิ่งพิมพ์ (Desktop Publishing) อย่าง Aldus PageMaker ได้รวมเอา Lorem Ipsum เวอร์ชั่นต่างๆ เข้าไว้ในซอฟท์แวร์ด้วย</p>\r\n', 'admin', 0, 'blogsImages/kingfisher-6215073_960_720.jpg', '2022-03-12 20:30:22.873116', 5),
(38, 'นาขั้นบรรได', 'มีหลักฐานที่เป็นข้อเท็จจริงยืนยันมานานแล้ว ว่าเนื้อหาที่อ่านรู้เรื่องนั้นจะไปกวนสมาธิของคนอ่านให้เขวไปจากส่วนที้เป็น Layout เรานำ Lorem Ipsum มาใช้เพราะความที่มันมีการกระจายของตัวอักษรธรรมดาๆ แบบพอประมาณ ซึ่งเอามาใช้แทนการเขียนว่า ‘ตรงนี้เป็นเนื้อหา, ตรงนี้เป็นเนื้อหา\' ได้ และยังทำให้มองดูเหมือนกับภาษาอังกฤษที่อ่านได้ปกติ', '<h2>Lorem Ipsum คืออะไร?</h2>\r\n\r\n<p>Lorem Ipsum คือ เนื้อหาจำลองแบบเรียบๆ ที่ใช้กันในธุรกิจงานพิมพ์หรืองานเรียงพิมพ์ มันได้กลายมาเป็นเนื้อหาจำลองมาตรฐานของธุรกิจดังกล่าวมาตั้งแต่ศตวรรษที่ 16 เมื่อเครื่องพิมพ์โนเนมเครื่องหนึ่งนำรางตัวพิมพ์มาสลับสับตำแหน่งตัวอักษรเพื่อทำหนังสือตัวอย่าง Lorem Ipsum อยู่ยงคงกระพันมาไม่ใช่แค่เพียงห้าศตวรรษ แต่อยู่มาจนถึงยุคที่พลิกโฉมเข้าสู่งานเรียงพิมพ์ด้วยวิธีทางอิเล็กทรอนิกส์ และยังคงสภาพเดิมไว้อย่างไม่มีการเปลี่ยนแปลง มันได้รับความนิยมมากขึ้นในยุค ค.ศ. 1960 เมื่อแผ่น Letraset วางจำหน่ายโดยมีข้อความบนนั้นเป็น Lorem Ipsum และล่าสุดกว่านั้น คือเมื่อซอฟท์แวร์การทำสื่อสิ่งพิมพ์ (Desktop Publishing) อย่าง Aldus PageMaker ได้รวมเอา Lorem Ipsum เวอร์ชั่นต่างๆ เข้าไว้ในซอฟท์แวร์ด้วย</p>\r\n', 'admin', 0, 'blogsImages/rice-terraces-1822443_960_720.jpg', '2022-03-12 20:30:58.218847', 1),
(39, 'ปูมีทั้งหมดกี่ขา', 'มีหลักฐานที่เป็นข้อเท็จจริงยืนยันมานานแล้ว ว่าเนื้อหาที่อ่านรู้เรื่องนั้นจะไปกวนสมาธิของคนอ่านให้เขวไปจากส่วนที้เป็น Layout เรานำ Lorem Ipsum มาใช้เพราะความที่มันมีการกระจายของตัวอักษรธรรมดาๆ แบบพอประมาณ ซึ่งเอามาใช้แทนการเขียนว่า ‘ตรงนี้เป็นเนื้อหา, ตรงนี้เป็นเนื้อหา\' ได้ และยังทำให้มองดูเหมือนกับภาษาอังกฤษที่อ่านได้ปกติ', '<h2>Lorem Ipsum คืออะไร?</h2>\r\n\r\n<p>Lorem Ipsum คือ เนื้อหาจำลองแบบเรียบๆ ที่ใช้กันในธุรกิจงานพิมพ์หรืองานเรียงพิมพ์ มันได้กลายมาเป็นเนื้อหาจำลองมาตรฐานของธุรกิจดังกล่าวมาตั้งแต่ศตวรรษที่ 16 เมื่อเครื่องพิมพ์โนเนมเครื่องหนึ่งนำรางตัวพิมพ์มาสลับสับตำแหน่งตัวอักษรเพื่อทำหนังสือตัวอย่าง Lorem Ipsum อยู่ยงคงกระพันมาไม่ใช่แค่เพียงห้าศตวรรษ แต่อยู่มาจนถึงยุคที่พลิกโฉมเข้าสู่งานเรียงพิมพ์ด้วยวิธีทางอิเล็กทรอนิกส์ และยังคงสภาพเดิมไว้อย่างไม่มีการเปลี่ยนแปลง มันได้รับความนิยมมากขึ้นในยุค ค.ศ. 1960 เมื่อแผ่น Letraset วางจำหน่ายโดยมีข้อความบนนั้นเป็น Lorem Ipsum และล่าสุดกว่านั้น คือเมื่อซอฟท์แวร์การทำสื่อสิ่งพิมพ์ (Desktop Publishing) อย่าง Aldus PageMaker ได้รวมเอา Lorem Ipsum เวอร์ชั่นต่างๆ เข้าไว้ในซอฟท์แวร์ด้วย</p>\r\n', 'warit', 0, 'blogsImages/crab-63084_960_720.jpg', '2022-03-12 20:34:50.522236', 5),
(40, 'Bitcoin', 'มีหลักฐานที่เป็นข้อเท็จจริงยืนยันมานานแล้ว ว่าเนื้อหาที่อ่านรู้เรื่องนั้นจะไปกวนสมาธิของคนอ่านให้เขวไปจากส่วนที้เป็น Layout เรานำ Lorem Ipsum มาใช้เพราะความที่มันมีการกระจายของตัวอักษรธรรมดาๆ แบบพอประมาณ ซึ่งเอามาใช้แทนการเขียนว่า ‘ตรงนี้เป็นเนื้อหา, ตรงนี้เป็นเนื้อหา\' ได้ และยังทำให้มองดูเหมือนกับภาษาอังกฤษที่อ่านได้ปกติ', '<h2>Lorem Ipsum คืออะไร?</h2>\r\n\r\n<p>Lorem Ipsum คือ เนื้อหาจำลองแบบเรียบๆ ที่ใช้กันในธุรกิจงานพิมพ์หรืองานเรียงพิมพ์ มันได้กลายมาเป็นเนื้อหาจำลองมาตรฐานของธุรกิจดังกล่าวมาตั้งแต่ศตวรรษที่ 16 เมื่อเครื่องพิมพ์โนเนมเครื่องหนึ่งนำรางตัวพิมพ์มาสลับสับตำแหน่งตัวอักษรเพื่อทำหนังสือตัวอย่าง Lorem Ipsum อยู่ยงคงกระพันมาไม่ใช่แค่เพียงห้าศตวรรษ แต่อยู่มาจนถึงยุคที่พลิกโฉมเข้าสู่งานเรียงพิมพ์ด้วยวิธีทางอิเล็กทรอนิกส์ และยังคงสภาพเดิมไว้อย่างไม่มีการเปลี่ยนแปลง มันได้รับความนิยมมากขึ้นในยุค ค.ศ. 1960 เมื่อแผ่น Letraset วางจำหน่ายโดยมีข้อความบนนั้นเป็น Lorem Ipsum และล่าสุดกว่านั้น คือเมื่อซอฟท์แวร์การทำสื่อสิ่งพิมพ์ (Desktop Publishing) อย่าง Aldus PageMaker ได้รวมเอา Lorem Ipsum เวอร์ชั่นต่างๆ เข้าไว้ในซอฟท์แวร์ด้วย</p>\r\n', 'warit', 10, 'blogsImages/cryptocurrency-3085139_960_720.jpg', '2022-03-12 20:36:28.822201', 2),
(42, 'ปลาโลมาน่ารัก', 'มีหลักฐานที่เป็นข้อเท็จจริงยืนยันมานานแล้ว ว่าเนื้อหาที่อ่านรู้เรื่องนั้นจะไปกวนสมาธิของคนอ่านให้เขวไปจากส่วนที้เป็น Layout เรานำ Lorem Ipsum มาใช้เพราะความที่มันมีการกระจายของตัวอักษรธรรมดาๆ แบบพอประมาณ ซึ่งเอามาใช้แทนการเขียนว่า ‘ตรงนี้เป็นเนื้อหา, ตรงนี้เป็นเนื้อหา\' ได้ และยังทำให้มองดูเหมือนกับภาษาอังกฤษที่อ่านได้ปกติ', '<h2>Lorem Ipsum คืออะไร?</h2>\r\n\r\n<p>Lorem Ipsum คือ เนื้อหาจำลองแบบเรียบๆ ที่ใช้กันในธุรกิจงานพิมพ์หรืองานเรียงพิมพ์ มันได้กลายมาเป็นเนื้อหาจำลองมาตรฐานของธุรกิจดังกล่าวมาตั้งแต่ศตวรรษที่ 16 เมื่อเครื่องพิมพ์โนเนมเครื่องหนึ่งนำรางตัวพิมพ์มาสลับสับตำแหน่งตัวอักษรเพื่อทำหนังสือตัวอย่าง Lorem Ipsum อยู่ยงคงกระพันมาไม่ใช่แค่เพียงห้าศตวรรษ แต่อยู่มาจนถึงยุคที่พลิกโฉมเข้าสู่งานเรียงพิมพ์ด้วยวิธีทางอิเล็กทรอนิกส์ และยังคงสภาพเดิมไว้อย่างไม่มีการเปลี่ยนแปลง มันได้รับความนิยมมากขึ้นในยุค ค.ศ. 1960 เมื่อแผ่น Letraset วางจำหน่ายโดยมีข้อความบนนั้นเป็น Lorem Ipsum และล่าสุดกว่านั้น คือเมื่อซอฟท์แวร์การทำสื่อสิ่งพิมพ์ (Desktop Publishing) อย่าง Aldus PageMaker ได้รวมเอา Lorem Ipsum เวอร์ชั่นต่างๆ เข้าไว้ในซอฟท์แวร์ด้วย</p>\r\n', 'admin', 0, 'blogsImages/dolphins-2532975_960_720.jpg', '2022-03-12 20:39:33.408446', 5);

-- --------------------------------------------------------

--
-- Table structure for table `category_category`
--

CREATE TABLE `category_category` (
  `id` bigint(20) NOT NULL,
  `name` varchar(255) NOT NULL
) ENGINE=InnoDB DEFAULT CHARSET=utf8;

--
-- Dumping data for table `category_category`
--

INSERT INTO `category_category` (`id`, `name`) VALUES
(3, 'การเกษตร'),
(1, 'ท่องเที่ยว'),
(5, 'สารคดี'),
(4, 'อาหาร'),
(2, 'เทคโนโลยี');

-- --------------------------------------------------------

--
-- Table structure for table `django_admin_log`
--

CREATE TABLE `django_admin_log` (
  `id` int(11) NOT NULL,
  `action_time` datetime(6) NOT NULL,
  `object_id` longtext DEFAULT NULL,
  `object_repr` varchar(200) NOT NULL,
  `action_flag` smallint(5) UNSIGNED NOT NULL CHECK (`action_flag` >= 0),
  `change_message` longtext NOT NULL,
  `content_type_id` int(11) DEFAULT NULL,
  `user_id` int(11) NOT NULL
) ENGINE=InnoDB DEFAULT CHARSET=utf8;

--
-- Dumping data for table `django_admin_log`
--

INSERT INTO `django_admin_log` (`id`, `action_time`, `object_id`, `object_repr`, `action_flag`, `change_message`, `content_type_id`, `user_id`) VALUES
(1, '2022-03-12 05:36:11.064002', '1', 'ท่องเที่ยว', 1, '[{\"added\": {}}]', 8, 1),
(2, '2022-03-12 05:36:21.211022', '2', 'เทคโนโลยี', 1, '[{\"added\": {}}]', 8, 1),
(3, '2022-03-12 05:36:24.496617', '3', 'การเกษตร', 1, '[{\"added\": {}}]', 8, 1),
(4, '2022-03-12 05:36:27.670935', '4', 'อาหาร', 1, '[{\"added\": {}}]', 8, 1),
(5, '2022-03-12 05:38:11.555778', '1', 'เทคโนโลยี Blockchain', 1, '[{\"added\": {}}]', 7, 1),
(6, '2022-03-12 05:38:38.422996', '1', 'เทคโนโลยี Blockchain', 2, '[{\"changed\": {\"fields\": [\"Image\"]}}]', 7, 1),
(7, '2022-03-12 05:39:32.396756', '2', 'เสือน่ารักแห่งป่าสงวน', 1, '[{\"added\": {}}]', 7, 1),
(8, '2022-03-12 14:36:18.524216', '5', 'สารคดี', 1, '[{\"added\": {}}]', 8, 1),
(9, '2022-03-12 16:36:31.834345', '2', 'เสือน่ารักแห่งป่าสงวน', 3, '', 7, 1),
(10, '2022-03-12 16:36:31.837337', '1', 'เทคโนโลยี Blockchain', 3, '', 7, 1);

-- --------------------------------------------------------

--
-- Table structure for table `django_content_type`
--

CREATE TABLE `django_content_type` (
  `id` int(11) NOT NULL,
  `app_label` varchar(100) NOT NULL,
  `model` varchar(100) NOT NULL
) ENGINE=InnoDB DEFAULT CHARSET=utf8;

--
-- Dumping data for table `django_content_type`
--

INSERT INTO `django_content_type` (`id`, `app_label`, `model`) VALUES
(1, 'admin', 'logentry'),
(3, 'auth', 'group'),
(2, 'auth', 'permission'),
(4, 'auth', 'user'),
(7, 'blogs', 'blogs'),
(8, 'category', 'category'),
(5, 'contenttypes', 'contenttype'),
(6, 'sessions', 'session');

-- --------------------------------------------------------

--
-- Table structure for table `django_migrations`
--

CREATE TABLE `django_migrations` (
  `id` bigint(20) NOT NULL,
  `app` varchar(255) NOT NULL,
  `name` varchar(255) NOT NULL,
  `applied` datetime(6) NOT NULL
) ENGINE=InnoDB DEFAULT CHARSET=utf8;

--
-- Dumping data for table `django_migrations`
--

INSERT INTO `django_migrations` (`id`, `app`, `name`, `applied`) VALUES
(1, 'contenttypes', '0001_initial', '2022-03-12 05:32:01.420174'),
(2, 'auth', '0001_initial', '2022-03-12 05:32:02.566898'),
(3, 'admin', '0001_initial', '2022-03-12 05:32:02.814204'),
(4, 'admin', '0002_logentry_remove_auto_add', '2022-03-12 05:32:02.829166'),
(5, 'admin', '0003_logentry_add_action_flag_choices', '2022-03-12 05:32:02.844123'),
(6, 'contenttypes', '0002_remove_content_type_name', '2022-03-12 05:32:02.968823'),
(7, 'auth', '0002_alter_permission_name_max_length', '2022-03-12 05:32:03.116444'),
(8, 'auth', '0003_alter_user_email_max_length', '2022-03-12 05:32:03.244087'),
(9, 'auth', '0004_alter_user_username_opts', '2022-03-12 05:32:03.260012'),
(10, 'auth', '0005_alter_user_last_login_null', '2022-03-12 05:32:03.355326'),
(11, 'auth', '0006_require_contenttypes_0002', '2022-03-12 05:32:03.361286'),
(12, 'auth', '0007_alter_validators_add_error_messages', '2022-03-12 05:32:03.376245'),
(13, 'auth', '0008_alter_user_username_max_length', '2022-03-12 05:32:03.407164'),
(14, 'auth', '0009_alter_user_last_name_max_length', '2022-03-12 05:32:03.438553'),
(15, 'auth', '0010_alter_group_name_max_length', '2022-03-12 05:32:03.569935'),
(16, 'auth', '0011_update_proxy_permissions', '2022-03-12 05:32:03.587859'),
(17, 'auth', '0012_alter_user_first_name_max_length', '2022-03-12 05:32:03.620802'),
(18, 'category', '0001_initial', '2022-03-12 05:32:03.673669'),
(19, 'blogs', '0001_initial', '2022-03-12 05:32:03.842900'),
(20, 'sessions', '0001_initial', '2022-03-12 05:32:03.920661');

-- --------------------------------------------------------

--
-- Table structure for table `django_session`
--

CREATE TABLE `django_session` (
  `session_key` varchar(40) NOT NULL,
  `session_data` longtext NOT NULL,
  `expire_date` datetime(6) NOT NULL
) ENGINE=InnoDB DEFAULT CHARSET=utf8;

--
-- Dumping data for table `django_session`
--

INSERT INTO `django_session` (`session_key`, `session_data`, `expire_date`) VALUES
('jo0fwejgl6c6fwp0o9fgkazg6iw9u4nh', '.eJxVjEEOgjAQRe_StWkKQ5mpS_eeoZnOFIsaSCisjHdXEha6_e-9_zKRt7XEreYljmrOpjGn3y2xPPK0A73zdJutzNO6jMnuij1otddZ8_NyuH8HhWv51tI3gTrQQAOrd4JI2CoydAgMTsLggrRAQQW6pD0l9eSJknM9ZkXz_gDPdDdk:1nT1bY:VX7GtihRoQWNjUNVmftISB_ze7hVJcx6L4tRNgsfd7I', '2022-03-26 13:16:20.426701'),
('tzfe2itgxr0akwi8c5uym4f2ygrfqki9', '.eJxVjEEOgjAQRe_StWkKQ5mpS_eeoZnOFIsaSCisjHdXEha6_e-9_zKRt7XEreYljmrOpjGn3y2xPPK0A73zdJutzNO6jMnuij1otddZ8_NyuH8HhWv51tI3gTrQQAOrd4JI2CoydAgMTsLggrRAQQW6pD0l9eSJknM9ZkXz_gDPdDdk:1nT7KF:kMUJitN4Uy0ZS1tBCdNHCtEb5B43yxAYCPbzqHhZPFE', '2022-03-26 19:22:51.832352'),
('wk5qtbdyvwmbcq0bbjgr03pqc18qf4ns', '.eJxVjDEOwjAMAP-SGUWJTZuUkZ03VE5skwJKpaadEH9HlTrAene6txlpW8u4NVnGic3FoDn9skT5KXUX_KB6n22e67pMye6JPWyzt5nldT3av0GhVvYtKAwMgjiQKHj2QTVhz9x7T6jqfe6dqkgMHRADBokOHKByd45qPl_02jgu:1nT8Ww:Pv8i3p3gZ89NBpCzc7qbj3kfLccO-oW7X_x1Pdk761M', '2022-03-26 20:40:02.716021');

--
-- Indexes for dumped tables
--

--
-- Indexes for table `auth_group`
--
ALTER TABLE `auth_group`
  ADD PRIMARY KEY (`id`),
  ADD UNIQUE KEY `name` (`name`);

--
-- Indexes for table `auth_group_permissions`
--
ALTER TABLE `auth_group_permissions`
  ADD PRIMARY KEY (`id`),
  ADD UNIQUE KEY `auth_group_permissions_group_id_permission_id_0cd325b0_uniq` (`group_id`,`permission_id`),
  ADD KEY `auth_group_permissio_permission_id_84c5c92e_fk_auth_perm` (`permission_id`);

--
-- Indexes for table `auth_permission`
--
ALTER TABLE `auth_permission`
  ADD PRIMARY KEY (`id`),
  ADD UNIQUE KEY `auth_permission_content_type_id_codename_01ab375a_uniq` (`content_type_id`,`codename`);

--
-- Indexes for table `auth_user`
--
ALTER TABLE `auth_user`
  ADD PRIMARY KEY (`id`),
  ADD UNIQUE KEY `username` (`username`);

--
-- Indexes for table `auth_user_groups`
--
ALTER TABLE `auth_user_groups`
  ADD PRIMARY KEY (`id`),
  ADD UNIQUE KEY `auth_user_groups_user_id_group_id_94350c0c_uniq` (`user_id`,`group_id`),
  ADD KEY `auth_user_groups_group_id_97559544_fk_auth_group_id` (`group_id`);

--
-- Indexes for table `auth_user_user_permissions`
--
ALTER TABLE `auth_user_user_permissions`
  ADD PRIMARY KEY (`id`),
  ADD UNIQUE KEY `auth_user_user_permissions_user_id_permission_id_14a6b632_uniq` (`user_id`,`permission_id`),
  ADD KEY `auth_user_user_permi_permission_id_1fbb5f2c_fk_auth_perm` (`permission_id`);

--
-- Indexes for table `blogs_blogs`
--
ALTER TABLE `blogs_blogs`
  ADD PRIMARY KEY (`id`),
  ADD KEY `blogs_blogs_category_id_202287bd_fk_category_category_id` (`category_id`);

--
-- Indexes for table `category_category`
--
ALTER TABLE `category_category`
  ADD PRIMARY KEY (`id`),
  ADD UNIQUE KEY `name` (`name`);

--
-- Indexes for table `django_admin_log`
--
ALTER TABLE `django_admin_log`
  ADD PRIMARY KEY (`id`),
  ADD KEY `django_admin_log_content_type_id_c4bce8eb_fk_django_co` (`content_type_id`),
  ADD KEY `django_admin_log_user_id_c564eba6_fk_auth_user_id` (`user_id`);

--
-- Indexes for table `django_content_type`
--
ALTER TABLE `django_content_type`
  ADD PRIMARY KEY (`id`),
  ADD UNIQUE KEY `django_content_type_app_label_model_76bd3d3b_uniq` (`app_label`,`model`);

--
-- Indexes for table `django_migrations`
--
ALTER TABLE `django_migrations`
  ADD PRIMARY KEY (`id`);

--
-- Indexes for table `django_session`
--
ALTER TABLE `django_session`
  ADD PRIMARY KEY (`session_key`),
  ADD KEY `django_session_expire_date_a5c62663` (`expire_date`);

--
-- AUTO_INCREMENT for dumped tables
--

--
-- AUTO_INCREMENT for table `auth_group`
--
ALTER TABLE `auth_group`
  MODIFY `id` int(11) NOT NULL AUTO_INCREMENT;

--
-- AUTO_INCREMENT for table `auth_group_permissions`
--
ALTER TABLE `auth_group_permissions`
  MODIFY `id` bigint(20) NOT NULL AUTO_INCREMENT;

--
-- AUTO_INCREMENT for table `auth_permission`
--
ALTER TABLE `auth_permission`
  MODIFY `id` int(11) NOT NULL AUTO_INCREMENT, AUTO_INCREMENT=33;

--
-- AUTO_INCREMENT for table `auth_user`
--
ALTER TABLE `auth_user`
  MODIFY `id` int(11) NOT NULL AUTO_INCREMENT, AUTO_INCREMENT=4;

--
-- AUTO_INCREMENT for table `auth_user_groups`
--
ALTER TABLE `auth_user_groups`
  MODIFY `id` bigint(20) NOT NULL AUTO_INCREMENT;

--
-- AUTO_INCREMENT for table `auth_user_user_permissions`
--
ALTER TABLE `auth_user_user_permissions`
  MODIFY `id` bigint(20) NOT NULL AUTO_INCREMENT;

--
-- AUTO_INCREMENT for table `blogs_blogs`
--
ALTER TABLE `blogs_blogs`
  MODIFY `id` bigint(20) NOT NULL AUTO_INCREMENT, AUTO_INCREMENT=43;

--
-- AUTO_INCREMENT for table `category_category`
--
ALTER TABLE `category_category`
  MODIFY `id` bigint(20) NOT NULL AUTO_INCREMENT, AUTO_INCREMENT=6;

--
-- AUTO_INCREMENT for table `django_admin_log`
--
ALTER TABLE `django_admin_log`
  MODIFY `id` int(11) NOT NULL AUTO_INCREMENT, AUTO_INCREMENT=11;

--
-- AUTO_INCREMENT for table `django_content_type`
--
ALTER TABLE `django_content_type`
  MODIFY `id` int(11) NOT NULL AUTO_INCREMENT, AUTO_INCREMENT=9;

--
-- AUTO_INCREMENT for table `django_migrations`
--
ALTER TABLE `django_migrations`
  MODIFY `id` bigint(20) NOT NULL AUTO_INCREMENT, AUTO_INCREMENT=21;

--
-- Constraints for dumped tables
--

--
-- Constraints for table `auth_group_permissions`
--
ALTER TABLE `auth_group_permissions`
  ADD CONSTRAINT `auth_group_permissio_permission_id_84c5c92e_fk_auth_perm` FOREIGN KEY (`permission_id`) REFERENCES `auth_permission` (`id`),
  ADD CONSTRAINT `auth_group_permissions_group_id_b120cbf9_fk_auth_group_id` FOREIGN KEY (`group_id`) REFERENCES `auth_group` (`id`);

--
-- Constraints for table `auth_permission`
--
ALTER TABLE `auth_permission`
  ADD CONSTRAINT `auth_permission_content_type_id_2f476e4b_fk_django_co` FOREIGN KEY (`content_type_id`) REFERENCES `django_content_type` (`id`);

--
-- Constraints for table `auth_user_groups`
--
ALTER TABLE `auth_user_groups`
  ADD CONSTRAINT `auth_user_groups_group_id_97559544_fk_auth_group_id` FOREIGN KEY (`group_id`) REFERENCES `auth_group` (`id`),
  ADD CONSTRAINT `auth_user_groups_user_id_6a12ed8b_fk_auth_user_id` FOREIGN KEY (`user_id`) REFERENCES `auth_user` (`id`);

--
-- Constraints for table `auth_user_user_permissions`
--
ALTER TABLE `auth_user_user_permissions`
  ADD CONSTRAINT `auth_user_user_permi_permission_id_1fbb5f2c_fk_auth_perm` FOREIGN KEY (`permission_id`) REFERENCES `auth_permission` (`id`),
  ADD CONSTRAINT `auth_user_user_permissions_user_id_a95ead1b_fk_auth_user_id` FOREIGN KEY (`user_id`) REFERENCES `auth_user` (`id`);

--
-- Constraints for table `blogs_blogs`
--
ALTER TABLE `blogs_blogs`
  ADD CONSTRAINT `blogs_blogs_category_id_202287bd_fk_category_category_id` FOREIGN KEY (`category_id`) REFERENCES `category_category` (`id`);

--
-- Constraints for table `django_admin_log`
--
ALTER TABLE `django_admin_log`
  ADD CONSTRAINT `django_admin_log_content_type_id_c4bce8eb_fk_django_co` FOREIGN KEY (`content_type_id`) REFERENCES `django_content_type` (`id`),
  ADD CONSTRAINT `django_admin_log_user_id_c564eba6_fk_auth_user_id` FOREIGN KEY (`user_id`) REFERENCES `auth_user` (`id`);
COMMIT;

/*!40101 SET CHARACTER_SET_CLIENT=@OLD_CHARACTER_SET_CLIENT */;
/*!40101 SET CHARACTER_SET_RESULTS=@OLD_CHARACTER_SET_RESULTS */;
/*!40101 SET COLLATION_CONNECTION=@OLD_COLLATION_CONNECTION */;
